Retek_Code,Store_Name,City,Pincode,Address,Latitude,Longitude,Contact,Whastapp,Manager_Contact,Opening,Closing
P023_1000,ROHINI,New Delhi,110085,"Unitech Metro Walk, Sector 10, Near Rithala Metro Station,Rohini, New Delhi-110085",28.723936,77.112953,1127574183,918929301611,9990629052,11:00 AM,9:30 PM
P097_1000,NORTH COUNTRY MALL,Mohali,140307,"F-15, NC Mall, Kharar Mohali Road, National Highway 21, Sector-117, Tehsil Mohali, SAS Nagar, Punjab - 140307",30.738764,76.678627,1726703258,911726703258,8729007627,11:00 AM,9:30 PM
P002_1000,BEGUMPET,Hyderabad,500016,"Saptagiri Towers Begumpet, S. P. Road, Hyderabad-500016",17.444366,78.462822,9513703084,919513703084,7660004347,11:00 AM,9:30 PM
P154_1000,NAINITAL ROAD,Haldwani,263126,"Pantaloons, Walkway Mall, Nainital Road, NH-87, Haldwani, Uttarakhand - 263126",29.245142,79.53347,5946282899,915946282899,7895692666,11:00 AM,9:30 PM
P140_1000,SIGRA,Varanasi,221010,"D-58/12, A1, Gandhinagar, Sigra, Varanasi - 221010",25.311197,82.987038,7248001118,915000000000,7248001118,11:00 AM,9:30 PM
P093_1000,METRO JUNCTION MALL,Mumbai,421306,"Pantaloons, G-10 & F9A, Metro Junction Mall, Village Netivali, Shil Road, Kalyan - 421306",19.230078,73.123657,2512350978,918657959719,8898400100,11:00 AM,9:30 PM
P006_1000,CAMAC STREET,Kolkata,700016,"Pantaloons, 22, Camac Street, Kolkata.700 016",22.546045,88.352798,7605007901,917605007901,9038099068,11:00 AM,9:30 PM
P079_1000,CITY CENTRE,Raipur,492001,"Pantaloons, City Centre Mall, GF, Main Vidhan Sabha Road, Village Mowa, Raipur, Chhattisgarh - 492001",23.015188,72.596733,7714062844,917714062844,9604719016,11:00 AM,9:30 PM
P107_1000,SPRING CITY MALL,Ranchi,834002,"Pantaloons, Spring City Mall, Plot 530,536 & 540, Thana 225, Mauza-Hinoo, PS Doranda, PO Hinoo, Ranchi - 834002",23.333052,85.317154,7707017181,917707017181,9504233561,10:30 AM,9:30 PM
P131_1000,PENTAGON MALL,Haridwar,249403,"Pentagon Mall, Plot no. C1, Sector 12, Integrated Industrial Estate, Haridwar - 249403",29.948383,78.075516,8193019906,918193019906,9891460747,11:00 AM,9:30 PM
P004_1000,LAW GARDEN-AHMEDABAD,Ahmedabad,380006,"Abhijit III, Netaji Road, Near Law Garden",23.029955,72.56176,7940606208,918657959661,9974011820,11:00 AM,9:30 PM
P121_1000,INDIRANAGAR,Bengaluru,560008,"No.761 HAL, 2nd Stage, Indiranagar 100 Feet Road, Corporation Ward No.72, Ward Name Domlur, PID No.72-1-76, Bengaluru - 560008",12.971489,77.641273,9513703054,919513703054,9071743970,11:00 AM,9:30 PM
P148_1000,GOLDIGHI MALL,Silchar,788001,"Pantaloons, Goldighi Mall, FF, Nazirpatty, Silchar, Assam - 788001",24.822508,92.800018,3842224031,917605009347,9062209686,11:00 AM,9:30 PM
P032_1000,VASWANI MATRIX,Bengaluru,560037,"Cosmos Mall, Diagonally Opp Brook Bond Hall, Graphite Industrial Area, Brookfield, Whitefield,  Bengaluru-560037",12.966346,77.717873,9513703052,919513703052,9902664902,11:00 AM,10:00 PM
P095_1000,EXPRESS AVENUE MALL,Chennai,600014,"Pantaloons, Express Avenue, LGF, Whites road, Royapettah, Chennai, Tamil Nadu - 600014",13.05868,80.264969,9513703069,919513703069,9840764719,11:00 AM,10:00 PM
P070_1000,VIVANA MALL THANE,Mumbai,400601,"Pantaloons, Viviana Mall, Cadbury Junction, Eastern Express Highway, Besides Jupiture Hospital, Thane-West 400601",19.208984,72.97113,2261701212,918657959718,9324146159,11:00 AM,9:30 PM
P145_1000,SGS MALL,Pune,411001,"Pantaloons, SGS Mall, 231 Moledina Road, Camp, Pune - 411001",18.519581,73.877373,8657959760,918657959760,9096924088,11:00 AM,9:30 PM
P052_1000,DURGAPUR JUNCTION,Durgapur,713216,"Pantaloons, Junction Mall, City Center, Durgapur-713216",23.538849,87.291451,8479905172,913000000000,8479905172,11:00 AM,9:30 PM
P001_1000,GARIAHAT ROAD,Kolkata,700019,"Pantaloons, 49/1, Gariahat Road, Kolkata-700 019",22.523005,88.365196,3339848400,913324618050,033-24618050,11:00 AM,9:30 PM
P157_1000,ANNAI PLAZA,Tirunelveli,627002,"58, Trivandrum Road, Vannarpettai, Palayamkottai, Tirunelveli, Tamil Nadu - 627002",8.72256,77.731934,4622500120,914622500120,9940016460,10:30 AM,9:30 PM
P068_1000,DIAMOND CITY,Kolkata,700055,"Pantaloons, DCN Kolkata, 68 Diamond City Jessore Road, Kolkata-700055, West Bengal",22.615494,88.412102,8479905170 / 9748952545,918000000000,8479905170 / 9748952,11:00 AM,9:30 PM
P015_1000,R MALL MULUND,Mumbai,400080,"Runwal Mall, Opp. Richardson Cruddas Factory, LBS Marg, Mulund (West) Mumbai -400080",19.183941,72.951706,2221646702,912221646702,9820992582,11:00 AM,9:30 PM
P064_1000,RAMA MAGNETO MALL,Bilaspur,495004,"Pantaloons, Bilaspur Rama Mangneto Mall, Srikant Verma Road, Bilaspur - 495004, Chhattisgarh",22.071383,82.149857,8657959689,91865795968,7773883143/789896760,11:00 AM,9:30 PM
P117_1000,JANAKPURI ORCHID,New Delhi,110058,"Janakpuri West Metro station, New Delhi - 110058",28.63261,77.090965,1125615400,918929301612,7840005048,11:00 AM,9:30 PM
P130_1000,T NAGAR,Chennai,600017,"Pantaloons, 150 & 151, North Usman Road, T-Nagar, Chennai, Tamil Nadu - 600017",13.050476,80.233665,9513703071,919513703071,7092000580,10:30 AM,9:30 PM
P020_1000,CROSS RIVER MALL,New Delhi,110032,"Crossriver Mall 1st Floor, Kakardooma Court, Shahadra, New Delhi-110032",28.657492,77.302444,1142111992,911142111992,9999195974,11:00 AM,9:30 PM
P058_1000,INFINITI MALL MALAD,Mumbai,400064,"Infinity Mall, Shop No 103, Near D-Mart, New Link Road, Malad West, Mumbai-400064",19.184839,72.83429,2261279609,918291720161,9664039283,11:00 AM,9:30 PM
P168_1000,COLLEGE ROAD,Palakkad,678001,"House no. 10/292/2, College Road, Koppam, Palakkad, Kerala - 678001",10.894094,76.667816,4912546620,918867702988,9526868283,10:00 AM,9:00 PM
P174_1000,CITY MALL,Bathinda,151001,"MIttals City Mall, Goniana Road, Vishal Nagar, Bhatinda, Punjab - 151001",30.230495,74.935287,1645191332,911645191332,8968868772,10:00 AM,9:30 PM
P089_1000,ASJ GRAND PLAZA,Muzzaffarnagar,251001,"Pantaloons, ASJ Grand Plaza Mall, GF, Bhopa Road, Muzaffarnagar, Uttar Pradesh-251001",29.473209,77.715279,7409277277,917000000000,7409277277,11:00 AM,21:30 PM
P104_1000,KUMAR PACIFIC MALL,Pune,411042,"Pantaloons, GF & FF, Kumar Pacific Mall, Final plot CTS 42 & 43, Shankar Seth Road, Gultekdi, Near Swargate, Pune  411042",18.501106,73.872337,8657959756,918657959756,9975306122,11:00 AM,9:30 PM
P072_1000,SURYA TREASURE ISLAND,Bhilai,490023,"Pantaloons, Ground 29, Upper Ground Floor, Surya Treasure Island, Opp. Surya Vihar, Junwani, Bhilai, Chhattisgarh  490023",21.218811,81.322578,7884062394,917884062394,9584463377,11:00 AM,9:30 PM
P038_1000,SHIPRA MALL,Ghaziabad,201010,"Shipra Mall, Level 2, Plot # 9, Indirapuram, Ghaziabad-201010",28.633942,77.369598,8373940402,911000000000,8373940402,11:00 AM,9:30 PM
P033_1000,SOUTH CITY,Kolkata,700068,"Pantaloons, South City Mall, Store No.99, 375, Prince Anwar Shah Road, South City Projects, Kolkata-700068",22.501715,88.362045,9432118405,913000000000,9432118405,10:30 AM,9:30 PM
P054_1000,SOUTH EXTENSION,New Delhi,110049,"D4 South Extension Part 2, New Delhi-110049",28.568296,77.21862,1146631250,911146631250,9811459464,11:00 AM,9:30 PM
P108_1000,WORLD SQUARE MALL,Ghaziabad,201007,"GF, World Square Mall, Katori Mill, Mohan Nagar, Ghaziabad - 201007",28.679546,77.381943,7827467399,911000000000,7827467399,11:00 AM,9:30 PM
P092_1000,SHOPPRIX MALL,Meerut,245206,"Pantaloons, Anchor 2, UGF & GF, Shopprix Mall, Sports Goods complex, Major DC Nagar, Hapur bye pass, Delhi ? Meerut Highway, Uttar Pradesh.",28.948074,77.675545,7838731300,916000000000,7838731300,11:00 AM,9:30 PM
P094_1000,SEASONS MALL,Pune,411013,"Pantaloons, F-23, Seasons Mall, Mundhwa Road, South Magarpatta City, Hadapsar, Pune, Maharashtra - 411013",18.518915,73.931824,8657959755,918657959755,9021566338,11:00 AM,9:30 PM
P186_1000,ORBIT MALL,Siliguri,734008,"Pantaloons,Vega Circle Mall, GF, 3rd Mile, Sevoke Road, West Bengal - 734008",26.75214,88.436928,8436648693,920000000000,8436648693,11:00 AM,9:30 PM
P039_1000,CIVIL LINES,Nagpur,440001,"160/1, Temple Road, Civil Lines, Opp. Science College Ground, Nagpur-440001",21.14852,79.076111,7122535041,917126608808,8007027759,11:00 AM,9:30 PM
P129_1000,CITY CENTRE,Haldia,721657,"Pantaloons, City Centre Mall,GF, Rabindra Nazrul Road, P.O -Debhog,Ward No.-13, Plot? HDA Land, J. L No. 149, Purba Medinipur, Haldia, West Bengal - 721657",22.588003,88.408478,8420440843,919000000000,8420440843,11:00 AM,9:30 PM
P083_1000,INORBIT MALL,Vadodara,390003,"Pantaloons, First Floor, F-02B, Inorbit Mall, Subhanpura, Vadodara, Gujarat-390003",22.326847,73.16114,8657996356,918657996356,9624788224,11:00 AM,9:30 PM
P073_1000,VASUNDHARA METRO MALL,Patna,800001,"Pantaloons, Vasundhara Metro Mall, Plot No.165(P) & 166(P), Boring canal Road, Patna-800001, Bihar.",25.623108,85.12484,6122532345,916122559243,9051522556,11:00 AM,9:30 PM
P096_1000,FORUM SUJANA MALL,Hyderabad,500072,"GF, Forum sujana Mall, plot S-16, Survey no. 1009, KPHB Phase 6, Kukatpally, Hyderabad, Telangana - 500072",17.483822,78.388847,9513703094,919513703094,8074833509,11:00 AM,9:30 PM
P007_1000,VIP ROAD,Kanpur,208002,"Pantaloons, Rave Multiplex Complex VIP Road, Parvati Bagla Road, Tilak Nagar, Kanpur-208002",26.492535,80.327332,8573030533,918000000000,8573030533,11:00 AM,9:45 PM
P171_1000,Shanti City Centre Mall,Jharsguda,768201,"Pantaloons, Shanti City Centre Mall, Main Road, Sarbhal, Jharsuguda, Odisha - 768201",21.850477,84.01281,6645270361,919147126823,8479902576,10:30 AM,9:30 PM
P164_1000,DB OZONE MIRA ROAD,Mumbai,400068,"Darvesh Horizon, Next to Thakur Mall, Western Express Highway, Dahisar Check Post, Dahisar East",19.257387,72.869553,8657959744,918657959744,8828828055,11:00 AM,9:30 PM
P087_1000,FORUM VIJAYA MALL,MANGALURU,575001,"Pantaloons, UGF& FF, Forum Mall, Pandeshwar Mangalore, Karnataka - 575001",12.857627,74.838379,9513747516,919513747516,9483206331,11:00 AM,9:30 PM
P160_1000,TREAURE ISLAND,Indore,452001,"Treasure Island Mall, 11 Tukoganj, Main Road, Indore, Madhya Pradesh - 452001",22.708195,75.882439,7312525840,918657959767,9644406267,11:00 AM,9:30 PM
P034_1000,SAHEED NAGAR,BHUBANESWAR,751018,"Pantaloons, Suruchi Commercial Complex, Plot No. 29 & 35, A/B, Janpath, Saheed Nagar, Bhubaneshwar-751018",20.293991,85.542664,7604095525,917604095525,9090964261,10:30 AM,9:30 PM
P162_1000,BANER,Pune,411045,"Pantaloons, Sr. no. 1, Main Baner Road, Baner, Pune - 411045",18.561344,73.755333,2027293633,918657965637,7722084827/904939610,11:00 AM,9:30 PM
P027_1000,KAKURGUCHI,Kolkata,700054,"Pantaloons, Orchid Point 3/1 A, Upendra Chandra Banerjee Road, CIT Road, Kakurguchi, Kolkata-700054",22.574841,88.389603,7595041021,917595041021,9090964019,11:00 AM,9:30 PM
P051_1000,PROZONE MALL,Aurangabad,431001,"Prozone Mall, Chikalthana, MIDC, Aurangabad-431001",19.876226,75.372169,2406618477,912406618476,9579134999,11:00 AM,9:30 PM
P019_1000,SAHARA GUNJ,Lucknow,226001,"Sahar Ganj Mall, Shahnajaf Road, Hazratganj, Lucknow- 226001",26.852823,80.944214,8090096516,917000000000,8090096516,11:00 AM,9:45 PM
P030_1000,NELSON MANICKAM ROAD,Chennai,600029,"Pantaloons, 126, BNT Connection, Nelson Manickam Road, Chennai-600029",13.06992,80.224129,9513703067,919513703067,8190000106,11:00 AM,9:30 PM
P118_1000,KANTH ROAD,Moradabad,244001,"290/291, Kanth Road, Opp. Surabhi Nursing Home/Tanishq, Moradabad, Uttar Pradesh - 244001",28.838648,78.773331,8449601188,916000000000,8449601188,11:00 AM,9:30 PM
P110_1000,MERRILL RESIDENCY,Kolkata,700036,"Pantaloons, 243/1, BT Road, Near Tobin Road, Kolkata - 700036",22.63957,88.377548,9874779613 / 8479902847,913000000000,9874779613 / 8479902,11:00 AM,9:30 PM
P123_1000,HILITE BUSINESS PARK,Calicut,673014,"GF,G1003,T1, Hilite Business Park, Hilite City , NH 17, Thondayad By- Pass, Guruvayoorappan College P.O  Calicut, Kerala - 673014",11.258753,75.780411,4952436869,914952436869,9846782615,11:00 AM,9:30 PM
P090_1000,ALPHA ONE MALL-AHMEDABAD,Ahmedabad,380006,"Alpha One Mall, UBF, Plot No-216,T.P Scheme-1, Near Vastrapur Lake",23.04007,72.531487,7940165200,918657959671,9904808920/989855005,11:00 AM,20:30 PM
P192_1000,FUN CITY MALL,Panipat,132103,"Pantaloons, Fun City Mall, GF, Preet Vihar, Main GT Road, Panipat, Haryana - 132103",29.019806,76.482422,9996542054,918685987616,9999021211,11:00 AM,9:30 PM
P037_1000,MANTRI MALL,Bengaluru,560003,"Mantri Mall, Malleshwaram, Sampiege Road, Bengaluru - 560003",12.99128,77.571175,9513703058,919513703059,9726281065,10:30 AM,9:30 PM
P188_1000,GALLERIA MALL,BHUBANESWAR,751024,"Pantaloons, Galleria, Plot No 369/2169/4269 & 369/2168 , Khata No. 474/2612, Patia, Khurda, Bhubaneshwar, Odisha - 751024",20.343691,85.820663,6742743131,917596057175,9090964270,11:00 AM,9:30 PM
P008_1000,VINAYAK CITY CENTRE,PRAYAGRAJ,211002,"Pantaloons, Vinayak City Center, 48/24, Sardar Patel Marg, Civil Lines, Allahabad-211002",25.454716,81.834457,8299399472,918000000000,8299399472,11:00 AM,9:45 PM
P362_1000,ELANTE MALL,Chandigarh,160002,"Pantaloons, Elante Mall, plot No. 178 7 178A, Phase - 1, Industrial Area, Chandigarh, India, pin Code -  160002",30.705128,76.802147,1725214480,911725214480,8725020141,11:00 AM,9:30 PM
P061_1000,AVANI RIVERSIDE MALL,Kolkata,711102,"Pantaloons, Howrah-avani reverside mall, plot no 32, avani riverside mall, jagat banerji ghat road, Howrah-711102",22.562908,88.323158,8479906273,920000000000,8479906273,11:00 AM,9:30 PM
P075_1000,SRIRAM MALL,Dhanbad,828127,"Pantaloons, Sriram ozone mall, Kolakusma, Saraidhela, Dhanbad-828127",23.820854,86.469711,3263040961,917596086838,8229802831,11:00 AM,9:30 PM
P059_1000,"PHOENIX MARKETCITY, KURLA",Mumbai,400070,"Phoenix Market City Kurla Kaveri Estate, L B S Road, Kurla(W)",19.087034,72.89016,918657959712,918657959712,9892228492,11:00 AM,9:30 PM
P142_1000,BROUGH ROAD,Erode,638001,"456, Brough Road, Erode, Tamil Nadu - 638001",11.339467,77.721962,4242224410,918867702997,9655350123,11:00 AM,9:30 PM
P348_1000,TRILIUM MALL,Amritsar,143001,"Pantaloons, LGF,B-Wing, Trilium Mall, Medical Enclave, Circular Road, New Amritsar City, Opp. Basant Avenue, Circular Road Amritsar, Punjab-143001",31.640944,74.87278,1835100117,911835100117,8222043531,10:30 PM,9:30 PM
P190_1000,PRAHLAD NAGAR-AHMEDABAD,Ahmedabad,380015,"Arista Business Hub, Near Madhur Hall, Prahladnagar, Ahmedabad",23.029705,72.518265,7940040111,918652201945,8805899731,11:00 AM,9:30 PM
P081_1000,URBAN OASIS MALL,Hubli,580030,"Urban Oasis Mall, Gokul Road, Hubli, Karnataka - 580030",15.34998,75.111206,7406294410,917406294410,8152999338,11:00 AM,9:30 PM
P172_1000,BARUIPUR,Kolkata,700144,"Pantaloons, Ekdant Apartment, ward no.12, holding no. 123/A, Mouza Subuddhipur, Baruipur, South 24 Parganas - 700144",22.353155,88.44281,9088014083,918000000000,9088014083,10:30 AM,9:00 PM
P063_1000,DABA GARDEN,Visakhapatnam,560016,"TSR Complex Allipuram Ward, TSR Complex, Daba Garden, Visakhapatnam-560016",17.71612,83.300087,8912780815,918912780815,9704662166,11:00 AM,9:30 PM
P013_1000,EMPRESS CITY,Nagpur,440016,"Empress Mall, 001 Ground Floor, Sir Bezonji Mehta Road, Near Gandhi Sagar Lake, Nagpur- 440016",21.147898,79.093513,7122767052,918657959687,9075003406/937065924,11:00 AM,9:30 PM
P166_1000,SHANTI ENCLAVE,Cuttack,753001,"Pantaloons, Holding No. 848 & 849, Cantonment Road, Cuttack, Odisha - 753001",20.269398,85.85199,6712301010,916712301010,9114905246,11:00 AM,9:30 PM
P146_1000,INFINITI MALL ANDHERI,Mumbai,400053,"Pantaloons, Unit No. 262-263, II floor, Link Road, Oshiwara, Andheri W, Mumbai - 400053",19.141266,72.830948,7039851001,917039851001,9833422933,11:00 AM,9:30 PM
P216_1000,PHOENIX MARKET CITY,Pune,411014,"Pantaloons, Phoenix Market City Mall, Viman Nagar, Nagar Road, Pune-411014",18.561939,73.916115,8657959762,918657959762,9096924088/866966919,11:00 AM,9:30 PM
P103_1000,PVP MALL,Vijayawada,520010,"PVP Mall, Moghalrajpuram, MG Road, Vijaywada",16.502121,80.642448,8666767770,918666767770,9491955337,11:00 AM,9:30 PM
P036_1000,DT TOWER,Guwahati,781006,"Pantaloons, D.T.Towers, G.S.Road, Near Downtown Hospital, Guwahati-781006",26.138266,91.79998,3612229094,917596087196,918000000000,10:30 AM,9:30 PM
P071_1000,EASTERN MALL,Ranchi,834001,"Pantaloons, Eastern Mall Ranchi, Circular Road, Near Dangratoli Chowk, Ranchi-834001",23.368313,85.33976,6516006012,917707017186,8229802839,10:30 AM,9:30 PM
P120_1000,KAROL BAGH,New Delhi,110005,"Plot No. 45 & 46, Block 5, Western Extension area, Karol Bagh, New Delhi - 110005",28.647638,77.189392,1147068373,911147068379,8527393833,11:00 AM,9:30 PM
P139_1000,MALL OF INDIA,Noida,201301,"Mall of India, Plot No. M-03, sector-18, Noida, Uttar pradesh-201301",28.566786,77.321228,8505872200,911000000000,8505872200,11:00 AM,10:00 PM
P132_1000,TRITON MALL,Jaipur,302012,"Triton Mall, Near Jhotwara flyover, Jaipur - 302012",26.941269,75.770966,8559913366,918559913366,,11:00 AM,9:30 PM
P060_1000,PHOENIX MARKETCITY,Bengaluru,560048,"Whitefield Road-Market City, Pheonix Market City, Opp BBMP Office, Whitefield Road, Bengaluru-560048",12.99697,77.69622,9513703051,919513703051,9902664902,11:00 AM,9:30 PM
P045_1000,PHOENIX MALL,Lucknow,226012,"Phoenix Mall, Sector - B, LDA Colony, Near Picadilly Hotel, Lucknow-226012",26.798214,80.896896,8573026134,917000000000,8573026134,11:00 AM,9:30 PM
P048_1000,DB MALL,Bhopal,462011,"DB City Mall, Arera Hill, Bhopal-462011",23.232891,77.429886,7556644140,918657959768,9644406718,11:00 AM,9:30 PM
P161_1000,NIBM,Pune,411060,"Pantaloons, Royal Heritage Mall, Survey no. 25, Hissa no. 5, Village Mohammadawadi, Pune - 411060",18.466509,73.91684,8657959761,918657959761,7774002317,11:00 AM,9:30 PM
P021_1000,KALAWAD ROAD-RAJKOT,Rajkot,360005,"Iscon Mall, Opp. Imperial Heights, Nr. Big Bazar, 150 Ft Ring Road, Kalawad Road, Rajkot",22.277897,70.780891,2812332974,912812332974,9898232375,11:00 AM,9:30 PM
P044_1000,CITY CENTRE,Nashik,422002,"Nashik City Center, Oontwadi, Lawate Nagar, Near PWD Office, Nashik-422002",19.990772,73.760696,2533918968,912532314451,8652209869,11:00 AM,9:30 PM
P012_1000,RACE COURSE CIRCLE,Vadodara,390007,"Multiplex, Race course Road, Near Natubhai Circle Opp. Indraprastha Ellora Park, Baroda-390007",22.316154,73.159309,8657959677,918657959677,8460222932,11:00 AM,9:30 PM
P127_1000,LAITUMKHRAH,Shillong,793001,"Pantaloons, Jowai Road, Laitumkrah, Shillong, Meghalaya - 793001",25.583441,91.899612,70885923114,918415836292,8013275514 / 7980846,10:00 AM,8:00 PM
P040_1000,PARAS DOWNTOWN,Zirakpur,140603,"Paras Downtown, NAC Zirakpur, Delhi - Ambala Highway, NH - 28, Zirakpur-140603",30.659958,76.820969,1762521033,911762521033,9779886433,11:00 AM,9:30 PM
P147_1000,MALHAR MEGA MALL,Indore,452010,"Malhar Mega Mall, Plot no. 299, PU-4, scheme 54, AB Road, Indore, Madhya Pradesh - 452010",22.744705,75.8946,7314799901,918657959765,9685013125,11:00 AM,9:30 PM
P091_1000,KOTHAPET,Hyderabad,500035,"11-13-196/5/A & 11-13-196/5/B, Survey No.8, Saroornagar Village & Mandal, Ranga Reddy District, Telangana - 500035",17.358019,78.545769,4024039227,919513745103,7660817444,11:00 AM,9:45 PM
P125_1000,MVR VINAYAGAR,Visakhapatnam,530003,"MVR Vinayagar Trade Center, GF & FF, T.S.NO. 5/3, VIP Road, Vizag - 530003",17.728165,83.314812,8912733499,918912733499,9749140410,11:00 AM,9:30 PM
P156_1000,JANTA BAZAAR,Kolhapur,416008,"Pantaloons, Janta Bazaaar Chowk, Rajarampuri, Kolhapur, Maharashtra-416008",16.696857,74.220245,2316601591,912316601593,8668591682,11:00 AM,9:30 PM
P185_1000,GROWEL MALL KANDIVALI,Mumbai,400060,"Pantaloons, Growels 101 Mall, Akruli Road, Kandivali East, Mumbai- 400060",19.203133,72.859818,2266930821,918657959739,,11:00 AM,9:30 PM
P141_1000,ANNASALAI,Vellore,632001,"58, Officer's Line, Annasalai, Vellore, Tamil Nadu - 632001",12.895435,79.149208,9513981448,919513354482,9003533972,10:30 AM,10:00 PM
P135_1000,TWIN TOWERS,Tiruchirappalli,620018,"12, Karur Bye pass road, Annamalai Nagar, Trichy, Tamil Nadu - 620018",10.82339,78.68103,4312761770,918867702975,8122008329,11:00 AM,9:30 PM
P143_1000,REGAL PLAZA,Asansol,713303,"Pantaloons, Regal Plaza, 140-145, GT Road, Murgasol, Asansol, West Bengal - 713303",23.679842,86.990944,7654827569,913000000000,7654827569,11:00 AM,9:30 PM
P150_1000,SRK HEIGHTS,VIJAYANAGARAM,535003,"SRK Heights, No. 8-12-13, LTB Road, Near Bus stand, Vizianagaram, Andhra Pradesh - 535003",18.109034,83.397659,8922233788,918922233788,7661998666,11:00 AM,9:30 PM
P109_1000,LAKSHMIPURAM,Guntur,522007,"Lakshmipuram Main Road, Opposite Income Tax Office, Guntur - 522007",16.310598,80.429596,8632266666,918867702987,7661998444,9:30 PM,10:00 PM
P050_1000,BROOKFIELDS PLAZA,Coimbatore,641001,"Shop No G13, F13, Brookefields Mall, No  67-71,  Krishnaswamy Road, Coimbatore - 641001",11.008727,76.959488,4222255050,918867702996,9791410005,11:00 AM,9:30 PM
P053_1000,INORBIT MALL MADHAPUR,Hyderabad,500081,"1st Floor, Inorbit Mall, Opp Durgam Cheruvu, Madhapur, Hyderabad-500081",17.435129,78.386726,9513703085,919513703085,9985935722,11:00 AM,10:00 PM
P016_1000,SV ROAD BORIVALI,Mumbai,400092,"Sri Vallabh Shopping Centre SV Road, Near Flyover, Borivali (W) Mumbai-400092",19.223942,72.853851,2228334770,919867454956,8828829881,11:00 AM,9:30 PM
P025_1000,GREAT INDIA PLACE,Noida,201301,"Great India Place, Plot No. A-2, Sector 38 A, Noida-201301",28.568148,77.326859,8512013377,920000000000,8512013377,11:00 AM,10:00 PM
P210_1000,SALT LAKE SEC 5,Kolkata,700091,"Pantaloons, Megatherm Tower, Plot L 1, Block GP, Sector 5, Salt Lake City, Kolkata - 700091",22.580311,88.428932,8479905176,918000000000,8479905176,11:00 AM,9:30 PM
P183_1000,"UNITY ONE, ROHINI",New Delhi,110085,"Unity One, Rohini West Metro station, New Delhi - 110085",28.714968,77.113899,1165182444,918929301613,7000907299,11:00 AM,9:30 PM
W003_1000,WAVE MALL,Jammu,180015,"Pantaloons Woman, Wave Mall, Bathindi bye pass, NH1A, Channi Himmat, Jammu  180015",32.709953,74.892883,9086699200,919086699200,9023173316,11:00 AM,9:30 PM
P194_1000,CHANDKHEDA,Ahmedabad,380005,"Pantaloons, Palladium Business Hub, Chandkheda, Sabarmati, Ahmedabad, Gujarat - 380005",23.106489,72.597229,8108694345,918108694345,8238110402,11:00 AM,9:30 PM
W008_1000,MEENAKSHI MALL,Bengaluru,560076,"Pantaloons Woman, Royal Meenakshi Mall, SF, Survey no. 63, Hulimavu, BBMP, Arakare, Bannerghata Road, Bengaluru, Karnataka - 560076",12.875923,77.593513,9108506048,919901859996,8105927071,11:00 AM,9:30 PM
P204_1000,KUNJPURA ROAD,Karnal,132001,"Pantaloons, Kunjpura Road, 98-99 Kunjpura road, Near Hospital Chowk, Karnal, Haryana 132001",29.69466,76.992157,1842258500,911842258500,9911124911,10:30 AM,9:30 PM
P224_1000,XPERIA MALL DOMBIVALI,Mumbai,421204,"Pantaloons, Xperia Mall, GF, Palava City, Dombivali, Thane, Maharashtra - 421204",19.201319,73.08857,2516691788,918657959726,8422915517/989227998,11:00 AM,9:30 PM
P181_1000,OMAXE MALL,Patiala,147001,"Pantaloons, Omaxe Mall, GF, Mall road, Opposite Kali Devi Temple, Patiala, Punjab - 147001",30.33783,76.391869,1755030461,911755030461,9814046247,11:00 AM,7:30 PM
P169_1000,EXHIBITION ROAD,Patna,800001,"Pantaloons, 28 Chanakya Cinema, Plot No. 789, Exhibition Road, Patna, Bihar - 800001",25.617073,85.12516,6122320014,917595099659,8340546101,11:00 AM,9:30 PM
P229_1000,RAVE MOTI MALL,Kanpur,208025,"Pantaloons, Rave Moti Mall, GF, 117/k/13, Rawatpur Crossing, Gutaiya, Moti Vihar Society, Rawatpur, Kanpur - 208025",26.481327,80.297874,7065004921,919000000000,7065004921,11:00 AM,9:35 PM
P155_1000,NAMISHREE MALL,Hyderabad,500030,"Pantaloons, Namishree Mall, Survey No. 30(P), Village Uparpally, Rajendranagar, Rangareddy, Hyderabad - 500030",17.353611,78.420906,9071611456,919071611456,7093169329,11:00 AM,10:00 PM
P180_1000,NACHARAM,Hyderabad,500076,"Pantaloons, House No.4-7-27/A, Survey No.199, Nacharam Village, Uppal Mandal, Hyderabad - 500076",17.4349,78.47123,9513703088,919513703088,6304918669,11:00 AM,9:30 PM
P203_1000,DEEPKAMAL MALL,Surat,395006,"Pantaloons, PFRL, Deepkamal Mall, T.P.S. No.38, Sub plot no.2, F.P.No.34/1 at Nana Varachha, Surat, Gujarat - 395006",21.228378,72.890083,8000595292,918000595292,9979460290,11:00 AM,9:30 PM
P182_1000,RAMGHAT ROAD,Aligarh,202001,"Pantaloons, Vidya nagar Colony, Ramghat Road, Aligarh, UP - 202001",27.896591,78.089706,8826395466,917000000000,8826395466,11:00 AM,9:30 PM
P196_1000,KANCHRAPARA,Kolkata,743145,"Pantaloons, Lokenath Apartment, 71/62/76, Bag Station Road, Kachrapara, South 24 Parganas, Kolkata - 743145",22.951887,88.425697,9903893166 / 8479905173,919000000000,9903893166 / 8479905,11:00 AM,9:30 PM
P167_1000,FUN REPUBLIC,Coimbatore,641004,"Pantaloons, Fun Republic Mall, GF, No. 474, Avinashi Road, Peelamedu, Coimbatore, Tamil Nadu - 641004",11.024568,77.010666,4224980116,914224980116,7245229992,11:00 AM,9:30 PM
P207_1000,SODEPUR,Kolkata,700114,"Pantaloons, GF, Sinchi tower, 177 F.B.T. Road, Panihati, Sodepur, Kolkata - 700114",22.699856,88.373268,8479905160,913000000000,8479905160,10:30 AM,9:30 PM
P195_1000,AUROBINDO MALL,Kolkata,711106,"Pantaloons, Aurobindo Mall, 28 Aurobindo Road, Salkia, Howrah, Kolkata - 711106",22.601728,88.342018,7699000137,918000000000,7699000137,11:00 AM,9:30 PM
P307_1000,PAVILLION MALL,Ahmedabad,382350,"Pantaloons, Pavilion Mall, Shop No 113/B, Shukan Bungalows to New India Colony Road, Nikol, Ahmedabad, Gujarat - 382350",23.050936,72.665359,7506839726,917506839726,8967749338,11:00 AM,9:30 PM
P306_1000,PHOENIX MARKET CITY,Bareilly,243001,"Pheonix United Mall, Near Mahanagar Colony, Bihar Mann Nagla, Pilibhit Bypass, Bareilly-243001",28.394686,79.457031,8573026135,916000000000,8573026135,11:00 AM,9:30 PM
P250_1000,CIVIL LINES,Bareilly,243001,"Pantaloons, 105 Civil Lines, Near Hind Talkies, Bareilly, Uttar Pradesh - 243001",28.351374,79.418655,705/244-4967,918000000000,7052444967,10:30 AM,10:00 PM
P124_1000,GT MALL,Bengaluru,560023,"Pantaloons, GT Mall, UGF, 92, Maghadi Main Road, Next to Prasanna Theatre, Bengaluru - 560023",12.973451,77.553696,9513703061,919513703061,8550060009,10:30 AM,9:30 PM
P235_1000,ELEMENTS MALL,Bengaluru,560077,"Pantaloons, Elements Mall, Nagawara Junction, Thanisandra Main Road, Kasba Hobli, Bengaluru, Karnataka - 560077",13.045025,77.609238,9513703056,919513703056,8553325742,11:00 AM,9:30 PM
P242_1000,KEMP FORT,Bengaluru,560017,"Pantaloons, Kemp Fort Mall, No. 97, Old Airport Road, Bengaluru - 560017",12.977823,77.658981,9513703057,919513703057,7090778983,11:00 AM,9:30 PM
P269_1000,ARCOT ROAD,Chennai,600084,"Pantaloons, 1,2,10-12, Arcot Road, Valasaravakkam, Chennai - 600084",13.03979,80.170921,9513703073,919513703073,7358252921,10:00 AM,10:00 PM
P067_1000,PHOENIX MARKETCITY,Chennai,600042,"Pantaloons, Phoenix Market City, NO.142, Velachery Main Road, Velachery, Chennai-600042",12.990608,80.216522,9513703068,919513703068,7397168686,10:00 AM,10:00 PM
P297_1000,PARAMOUNT TOWER,Dehradun,248001,"Pantaloons, Paramount Tower, 125/216, New No, Old No. 52/14, Rajpur Road,  Dehradun, Uttarakhand - 248001",30.337589,78.055138,1352741361,911352741361,9335460120,10:15 AM,9:30 PM
P228_1000,ROODRAKSH MALL,Guwahati,781003,"Pantaloons,  Roodraksh Mall, Bhangagarh, GS Road, Guwahati, Assam - 781003",26.166105,91.765625,6901308505,917596087200,7890859995 / 9836050,10:30 AM,9:30 PM
P017_1000,CITY CENTRE,Kolkata,700157,"Pantaloons, City Centre - 2, New Town Plot No. IID/5,AA-IID, J.L.II, Noapara, Kolkata-700157",22.622648,88.450478,7605058220,917605058220,8961044553 / 8479905,11:00 AM,9:30 PM
P244_1000,CHANDAN NAGAR,Kolkata,712136,"Pantaloons, Victoria Plaza, Station Road, Fatakgora, Chandan Nagar, Hooghly, Kolkata - 712136",22.865664,88.35762,7980114653 / 8296933040,920000000000,7980114653 / 8296933,11:00 AM,9:30 PM
P187_1000,NSC BOSE ROAD,Kolkata,700047,"Pantaloons, Ambica Plaza, 414, NSC Bose Road, Kolkata, West Bengal - 700047",22.472591,88.231926,9331427101,918000000000,9331427101,11:00 AM,9:00 PM
K004_1000,AXIS MALL,Kolkata,700156,"Pantaloons Kids, Axis Mall, GF, Action Area-I, New Town, Kolkata - 700156",22.459328,88.24926,8100927381,917595041025,8100927381,11:00 AM,9:30 PM
P256_1000,MBD MALL,Ludhiana,141012,"Pantaloons, MBD Mall, Ferozepur Ludhiana Road, Punjab - 141012",30.885643,75.786011,1615045642,911615045642,8826710554,11:00 AM,9:30 PM
P076_1000,CITY CENTRE MALL,MANGALURU,575001,"Lower Ground Floor, City Centre Mall, K.S. Rao Road, Mangalore - 575001",12.871321,74.842575,8242427130,919513981415,8217486793,11:00 AM,9:30 PM
K007_1000,STAR MALL,Mumbai,400421,"Pantaloons Kids, Star Mall, NC Kelkar Road, Opp Plaza Cinema, Dadar, Mumbai, Maharashtra - 421",19.022923,72.839706,2224306062,918657959737,8452977014,11:00 AM,9:30 PM
P234_1000,R CITY GHATKOPAR,Mumbai,400086,"Pantaloons, R City Mall, F18C, LBS Marg, Ghatkopar, Mumbai, Maharashtra - 400086",19.099909,72.915375,2225185223,912225185223,9892023139,11:00 AM,9:30 PM
W014_1000,BM HABITAT MALL,MYSURU,570012,"Pantaloons Woman, BM Habitat Mall, GF, Gokulam Main Road, Jayalakshmipuram, Mysore, Karnataka - 570012",12.321308,76.620659,8212411814,918212411814,9535376179,10:30 AM,9:30 PM
P233_1000,L&T SEAWOODS,Mumbai,400706,"Pantaloons, L&T Mall, Plot R1, Sector 40, Seawoods Railway station, Nerul Node, Navi Mumbai - 400706",19.021168,73.0158,8657959731,918657959727,7030979977,11:00 AM,9:30 PM
P212_1000,SHALIMAR BAGH,New Delhi,110088,"Pantaloons, City Centre Mall, Block A, Shaheed Udham Singh Marg, Shalimar Bagh, New Delhi - 110088",28.702827,77.157059,1147242101,918447842556,9999469169,11:00 AM,9:30 PM
P246_1000,RAMPHAL CHOWK,New Delhi,110075,"Pantaloons, Plot no. 10 & 18, Palam Extension, Sector-7, Dwarka,  New Delhi - 110075",28.58972,77.070908,1128080255,911128080255,8860634034,11:00 AM,9:30 PM
W019_1000,PAUD ROAD,Pune,411035,"Pantaloons Woman, Shop no.1, S 98, Hissa 1-7, Plot no.5, Paud Road, Pune, Maharashtra - 411035",18.52972,73.633392,2025284241,912025284241,7774096162,11:00 AM,9:30 PM
P035_1000,SEVOKE ROAD COSMOS,Siliguri,734001,"Pantaloons, Cosmos Mall, 2nd Mile, Sevoke Road, Opp. State Electricity Board, Siliguri-734001",26.738758,88.433571,7699000203 / 9547556600,914000000000,7699000203 / 9547556,11:00 AM,9:30 PM
P238_1000,ADAJAN,Surat,395009,"Pantaloons, Occulus Mall, LP Savani RD Adajan , Surat, Gujarat 395009",21.190065,72.787163,8657959681,912612736045,9998144159,11:00 AM,9:30 PM
P163_1000,MAXUS MALL BHAYANDER,Mumbai,401101,"Pantaloons, Maxus Mall, FF, Temba Road, Near New Flyover Bridge, Bhayander West, Thane - 401101",19.295834,72.848709,2228184045,918657959741,9967786975,11:00 AM,9:30 PM
P220_1000,IP VIJAYA MALL,Varanasi,221001,"Pantaloons, IP Vijaya Mall, Bhelupur, Varanasi, Uttar Pradesh - 221001",25.297359,82.998924,8573026147,915000000000,8573026147,11:00 AM,10:00 PM
K003_1000,SOUTH AVENUE MALL,Jabalpur,482008,"Pantaloons Kids, South Avenue Mall, Narmada Road, Polipathar, Jabalpur, Madhya Pradesh - 482008",23.124352,79.927841,7612669909,917612669909,9644456662,11:00 AM,9:30 PM
P218_1000,AURA MALL,Sagar,470001,"Pantaloons, Aura Mall, Makronia Square, Jabalpur Road, Sagar, Madhya Pradesh - 470001",23.851971,78.791046,7582231190,918657959775,9425770728,11:00 AM,9:30 PM
P221_1000,AMBROSIA HEIGHTS,Jhansi,284001,"Pantaloons, Ambrosia Heights, Elite Sipri Rd, Near New Income Tax Building, Jhansi - 284001",25.449291,78.564323,8743002885,920000000000,8743002885,11:00 AM,9:30 PM
P208_1000,COMMERCIAL POINT,Bhadrak,756101,"Pantaloons, Commercial Point, Mouza Mathasahi, Plot 2802, Dahani Gadia, Chhapulia, Bypass Road, Bhadrak, Odisha-756101",21.075827,86.50695,7596063266,917596063266,9040262296,10:30 AM,9:30 PM
P223_1000,BEARYS MALL,Shimoga,577201,"Pantaloons, Bearys Mall, SN Market, Ameer Ahmed Circle, BH Road, Shimoga - 577201",13.929896,75.573502,7026102229,918182405686,8970622324,11:00 AM,9:30 PM
W020_1000,BOKARO MALL,Bokaro,827003,"Pantaloons Woman, The Bokaro mall, Sector 3C, Bokaro Steel City, Bokaro, Jharkhand - 827003",23.66433,86.145508,6542222281,917605007967,9534076572,11:00 AM,9:30 PM
P200_1000,LIBING GRAND,Gangtok,737101,"Pantaloons, Libing Grand, beside Star Theatre, MG Marg, Gangtok, Sikkim - 737101",27.325224,88.609848,3592208101,913592208106,7001243893,10:00 AM,9:00 PM
P175_1000,AMBEDKAR ROAD,Belgaum,590001,"Pantaloons, Dr. Ambedkar Road, CTS No. 4833/15A, Belgaum, Karnataka - 590001",15.8739,74.510399,8314262900,918314262900,9071795551,11:00 AM,9:30 PM
P239_1000,GANDHIDHAM,Gandhidham,370201,"Parakh Family Trust, GF, Plot No. 307, Ward 12 B, Kutch",23.07222,70.135208,283230351,918291991844,8108066285,11:00 AM,9:30 PM
P134_1000,AVA ROAD,Rajahmundry,533103,"Pantaloons, H No. 54-09-8, Plot No. 5, RS No. 249, Addipalli Colony, AVA Road, Rajahmundry, Andhra Pradesh - 533103",17.009399,81.794441,8832491999,918867703014,9492979227,11:00 AM,9:30 PM
P193_1000,AMBAR CINEMA-JAMNAGAR,Jamnagar,361001,"Amber, Neo Atlantic. PN Marg, Opp Amber Cinema",22.474503,70.065361,2882666010,912882666011,9409255248,11:00 AM,9:30 PM
P272_1000,NETAJI ROAD,Berhampore,742103,"Pantaloons, 128, Netaji Road, Khagra, Behrampore, Murshidabad, West Bengal - 742103",24.106283,88.245636,8697918649 / 7671003186,913000000000,8697918649 / 7671003,11:00 AM,9:30 PM
P284_1000,OASIS MALL,Solapur,413001,"Pantaloons, Oasis Mall, 11 A- Murarji Peth, Solapur, Maharashtra - 413001",17.676611,75.896347,2172722144,912172722144,9421422590,11:00 AM,9:30 PM
P267_1000,SENTRUM MALL,Krishnanagar,741101,"Pantaloons, Sentrum Mall, NH-34, Opposite Pantha Tirtha Bus stand, Krishna Nagar, West Bengal - 741101",23.398758,88.474136,8479902700 / 7890002539,919000000000,8479902700 / 7890002,11:00 AM,9:30 PM
P273_1000,EPS TOWERS,Nellore,524003,"Pantaloons, 24-6-1032, Rajagopalapuram, Dargamitta, Nellore  524003",14.432706,79.96566,8612337711,918867703017,9948293963,11:00 AM,9:30 PM
P286_1000,SUSANTA PLAZA,Kolkata,743263,"Pantaloons, Suasanta Plaza, Ward No. 22, Village & Post Hatthuba, PS Habra, North 24 Parganas, West Bengal ? 743263",22.848854,88.66906,9331797212,918000000000,9331797212,11:00 AM,9:30 PM
P258_1000,ASHAPURNA MALL,Jodhpur,342003,"Pantaloons, Ashapurna Mall, Gaurav Path Road, Shastri Nagar, Jodhpur, Rajasthan - 342003",26.27212,73.001076,2912770700,912912770700,8376835244,11:00 AM,9:30 PM
P247_1000,OSIA MALL,Madgaon,403601,"Pantaloons, Osia Commercial Arcade, G-Wing, Margao, Goa - 403601",15.284937,73.95536,8322738938,918322738938,9960323253,10:00 AM,9:30 PM
P253_1000,P&M MALL,Jamshedpur,831001,"Pantaloons, P&M Mall, Outer Circle Road, Moja Jugsulai, Singhbhum, Jamshedpur, Jharkhand 831001",22.784798,86.177193,8479906273,916572321168,8229802803,11:00 AM,9:30 PM
P254_1000,GT ROAD,Bardhaman,713101,"Pantaloons, Ward No. 34, Holding no. 71, Mahalla, GT Road, Burdwan, West Bengal - 713101",23.234905,87.863312,8479905302,920000000000,8479905302,11:00 AM,9:30 PM
P271_1000,SUNCITY MALL,Kolkata,700124,"Pantaloons, 556/778, Khaitan No.1, J.L No.80, Mouza-Banamalipur, Holding No.125/1, Jesse Road, Ward No. 1, Barasat, West Bengal ? 700124",22.720055,88.487175,9831118288,918000000000,9831118288,11:00 AM,9:30 PM
P276_1000,BRISHTI ASRERAMPORE,Kolkata,712201,"Pantaloons, Brishti Apartment, 50, R.B Sarani, Srerampore, Hooghly, West Bengal? 712201",22.748301,88.330002,8479901964,918000000000,8479901964,11:00 AM,9:30 PM
P304_1000,SOUTH AVENUE MALL,Jabalpur,482008,"Pantaloons, South Avenue Mall, Narmada Road, Polipathar, Jabalpur, Madhya Pradesh - 482008",23.124094,79.927193,7612667522,917612667522,9644456662,11:00 AM,9:30 PM
P260_1000,LAKE CITY MALL,Udaipur,313001,"Pantaloons, Lakecity Mall, 110/3, University Rd, Shakti Nagar, Udaipur, Rajasthan 313001",24.586081,73.710716,2942426881,912942426881,9540310326,11:00 AM,9:30 PM
P293_1000,CSM Mall,Ajmer,305004,"Pantaloons, City Square Mall, Makarwali Road, A block, Panchsheel Nagar, Ajmer, Rajasthan - 305004",26.514944,74.634132,1452645384,911452645384,9691116677,11:00 AM,9:30 PM
P114_1000,VENUS MULTIPLEX,Gorakhpur,273001,"Pantaloons, Venus Mall, Purdilpir Cinema Road, Gorakhpur, Uttar Pradesh - 273001",26.754963,83.370163,8573032466,919000000000,8573032466,11:00 AM,9:30 PM
P270_1000,LG TOWER,Mathura,281001,"Pantaloons, LG Tower, 188/189 Bhuteshwar, Gaushala Road, Mathura - 281001",27.495529,77.671272,965/133-3337,919000000000,9651333337,11:00 AM,9:30 PM
P248_1000,DELHI ROAD,Rohtak,124001,"Pantaloons, Plot no. 310, Delhi Road, Model Town, Rohtak, Haryana - 124001",28.892103,76.602135,1262283890,918929301619,9654693279,10:30 AM,9:30 PM
P300_1000,DALHOUSIE ROAD,Pathankot,145001,"Pantaloons, A&M Square, S -3/675 Near Shani Dev Mandir, Pathankot 145001",32.273766,75.67569,1862220077,911862220077,7355669583,10:00 AM,9:30 PM
P279_1000,KC CITY CENTER,Jammu,180001,"Pantaloons, KC City Center, Gulab Singh Marg, Near Dogra Chowk, Jammu - 180001",32.724075,74.859818,9086699100,911912542125,8950051698,11:00 AM,9:30 PM
P159_1000,STAR MALL,Kolkata,700129,"Pantaloons, Star Mall, Mouza East Udayrajpur, Madhyamgram, Barasat, West Bengal ? 700129",22,88,9830490011,918000000000,9830490011,11:00 AM,9:30 PM
P308_1000,SFC MALL,Sangli,416416,"Pantaloons, SFC MegaaMall ,M.G.Road ,Station Road ,Sangli 416416  Maharashtra",16.860573,74.567413,2332625757,912332625757,8424050172,11:00 AM,9:30 PM
W021_1000,PAVILLION MALL,Pune,411005,"Pantaloons Woman, Survey No. 430A/1, Senapati Bapat Road, Shivaji Nagar, 411005",18.526737,73.845718,2066421146,912066421151,8669034219,11:00 AM,9:30 PM
P240_1000,GK MALL,Pune,411027,"Pantaloons, Shop no.101 & 201, survey no.133/2,161/11,162/5 & 8 Pimple Saudagar Pune 411027 Maharashtra.",18.567425,73.815445,2065909998,912027704070,9146040170,11:00 AM,9:30 PM
P136_1000,GEMS AUTO CHINCHWAD,Pune,411028,"Pantaloons, ABFRL, Gems Automobile, Plot no. 92, MIDC Chinchwad , Pune, Maharashtra - 411028",18.583874,73.781883,8108476112,918108476112,9890838382/907500396,11:00 AM,9:30 PM
W013_1000,LITTLE WORLD KHARGHAR,Mumbai,410210,"Pantaloons Woman, Little World Mall, Shop No. 120, FF, Plot no. 21, Sector-2, Kharghar, Navi Mumbai - 410210",19.030899,73.167397,2227748608,918657959733,7039304607/842400460,11:00 AM,9:30 PM
P281_1000,CCM2,Raipur,492001,"Pantaloons, City Centre Mall, Devendra Nagar ,Pandari Raipur 492001",21.263386,81.641418,7714904544,917714904544,7773881143/789896760,11:00 AM,9:00 PM
P274_1000,OPAL ONE MALL,Nadiad,387001,"Pantaloons, Opal One Mall,SD Farm, Opp Knowledge high school, College Road, Uttarsanda, Nadiad, Gujarat - 387001",22.672268,72.886299,8652202171,918652202171,9022462846,11:00 AM,9:30 PM
P197_1000,ML PLAZA,Agartala,799001,"Pantaloons, ML Plaza, Mantri Bari Road, Agartala, Tripura - 799001",23.828573,91.278847,9883173453,919077009993,7686835551,10:30 AM,9:30 PM
P290_1000,MIRZAPUR CHOWK,Darbhanga,846004,"Pantaloons, Shila & Sons Multicomplex, Near IOC Petrol Pump, Mirzapur Chowk, Darbhanga, Bihar- 846004",26.144312,85.863365,8229802878,918229802878,7766054872,11:00 AM,9:00 PM
P287_1000,CITY CENTER,Siliguri,734010,"Pantaloons, City Centre Mall, Uttorayon Township, Matigara NH 31, Police Station Matigara, Siliguri, West Bengal - 734010",26.724869,88.395081,9062216254 / 9910696066,914000000000,9062216254 / 9910696,11:00 AM,9:30 PM
P277_1000,BAJRANG TOWER,Bhagalpur,812002,"Pantaloons, Bajrang Tower, Gurudwara Road, Bhagalpur, Bihar 812002",25.246319,86.97805,6412402851,916412402851,9874688991,11:00 AM,9:00 PM
P266_1000,MAHALAXMI COMPLEX,Sri Ganganagar,335001,"Pantaloons, Mahalaxmi Complex, Shop no.1, Opp. New Cloth Market, Near Baba Ramdev Mandir, NH15, Sri Ganganagar, Rajasthan - 335001",29.914684,73.875107,9462900400,911542474560,9958965048,11:00 AM,9:30 PM
P275_1000,PROZONE MALL,Coimbatore,641035,"Pantaloons, National Highway 209, Sivanandhapuram, Saravanampatty, Coimbatore, Tamil Nadu 641035",11.056071,76.994286,4226628133,914226628133,9786568882,11:00 AM,10:00 PM
P303_1000,CHROMEPET,Chennai,600044,"Pantaloons, 407/7, GST Road, Chromepet, Chennai-600044",12.956588,80.143082,9513703074,919513703074,7448807923,11:00 AM,10:00 PM
P280_1000,GANDHI ROAD,Kanchipuram,631501,"Pantaloons, Mogili House 66-68, Gandhi Road Kanchipuram,Tamil Nadu- 631501",12.828997,79.706932,4427222635,918867703003,9176714386,10:30 AM,9:30 PM
P298_1000,VIVIRA MALL,Chennai,603103,"Pantaloons, Vivira Mall, Door No.33, Navalur Village,Chengelput Taluk, Chennai  603103",12.85054,80.225441,9513703075,919513703075,8680062826,11:00 AM,9:30 PM
P299_1000,ECR,Chennai,603103,"Pantaloons, Commercial Complex  23 & 24 Kottivakkam, Chennai-603103",12.972831,80.258263,9513703076,919513703076,7092020616,11:00 AM,10:00 PM
P230_1000,GLR COMPLEX,Guwahati,781012,"Pantaloons, GLR Complex, Adabari Tiniali, Dinesh Goswami Path (AT Road), Guwahati, Assam - 781012",26.158495,91.68293,7577853911,917635888947,6001125842,10:30 AM,9:30 PM
P205_1000,MALL OF KOTA,Kota,324007,"Pantaloons, Great Mall of Kota, DCM Road, Kota, Rajasthan - 324007",25.161901,75.863525,9015744300,917442360298,8800180850,11:00 AM,9:30 PM
P294_1000,GENESIS MALL,Bhiwadi,301019,"Pantaloons, Genesis Mall, Alwar Bye pass, Opp. MVL Coral, Bhiwadi, Rajasthan -301019",28.191504,76.813835,9971425249,917732807375,7503234973,11:00 AM,9:30 PM
P301_1000,CITY LIGHT SQUARE,Udhampur,182101,"Pantaloons, City Light Square, Ward no. 11, Opposite Old RTO office, Shiv Nagar, Udhampur, J&K - 182101",32.925323,75.137756,9086699300,919086699300,7088101986,11:00 AM,9:30 PM
P215_1000,L&T PANJAGUTTA,Hyderabad,500082,"PT L&T Pujugutta Mall Hyderabad Pantaloons, L&T Panjagutta Mall, Ward no. 89, Block E, Govt. quarters,  Srinagar Colony Road, Panjagutta, Hyderabad , Telangana  500082",17.429699,78.44754,9513703091,919513703091,7660004354,11:00 AM,9:30 PM
P322_1000,WESTEND MALL AUNDH,Pune,411007,"Pataloons, Westend Mall,Sector 1,Building A,S.no.161/1, Near Parihar Chowk,DP Road,Aundh,Pune,Maharashtra-411007",18.561619,73.806915,2027207325,912027207325,9923003005,11:00 AM,9:30 PM
P327_1000,MIRAGE TOWER,Jalandhar,144003,"Pantaloons, Mirage Tower, Plot No 258, Lajpat Nagar, Model Town Road, Jalandhar,Punjab - 144003",31.314528,75.578812,9335460120,911815092553,9914646345,10.00 AM,9:30 PM
P116_1000,LOGIX CITY CENTRE,Noida,201301,"Logix Mall, GF, BW-58, Sector 32, Noida, Uttar Pradesh - 201301",28.574249,77.351204,99884 72548,9199884 7254,9971309300,11:00 AM,9:30 PM
P038_1000,SHIPRA MALL,Ghaziabad,201010,"Shipra Mall, Level 2, Plot # 9, Indirapuram, Ghaziabad-201010",28.633942,77.369598,8373940402,911000000000,8373940402,11:00 AM,9:30 PM
P257_1000,PACIFIC MALL,Ghaziabad,201010,"Pantaloons, Pacific Mall, Plot No.1, Site No. 4, Sahibabad, Ghaziabad, Uttar Pradesh - 201010",28.646437,77.320763,921/238-6536,918000000000,9212386536,11:00 AM,9:30 PM
P010_1000,SAHARA MALL,Gurugram,122016,"Sahara Mall, Main Mehrauli Gurgaon Road, Gurgaon-122016",28.479414,77.086761,1244221570,911244221570,9560697553,10:30 AM,9:30 PM
P206_1000,OMAXE SOHNA ROAD,Gurugram,122001,"Omaxe Celebration mall, Sector-48, Subhash Chowk, Sohna road, Gurgaon - 122001",28.427595,77.03611,1244275179,917669501887,9818883061,11:00 AM,9:30 PM
P219_1000,MGF METROPOLIS MALL,Gurugram,122002,"Pantaloons, MGF Metropolis Mall, MG Road, Gurgaon, Haryana - 122002",28.479124,77.079971,1242561011,918929725901,7638828706,11:00 AM,9:30 PM
P236_1000,DREAMZ MALL,Gurugram,122001,"Pantaloons, Dreamz Mall, Sector 4 & 7 crossing, Jay Cinema Compound, Old Railway Road, Gurgaon - 122001",28.47283,77.017708,1242256020,917669501901,8130780900,10:30 AM,9:30 PM
P296_1000,CROWN INTERIORZ MALL,Faridabad,121003,"Pantaloons, Crown Interiorz Mall, Subash Nagar, Sector 35, Faridabad - 121003",28.470139,77.304771,1294145442,911294145442,9582125343,11:00 AM,9:30 PM
P336_1000,CIRCULAR RD,Dimapur,797112,"Pantaloons, Circular Road,Peseyie Complex, Circular Road, Opp Metro Hospital, Dimapur, Nagaland- 797112",25.913349,93.716728,3862248040,918414868764,9856543068,10:00 AM,7:00 PM
P177_1000,"OCP, NOIDA",Noida,201308,"Pantaloons, Omaxe Connaught Place Beta - 2, GREATER NOIDA, Uttar Pradesh - 201308",28.489172,77.515442,9560874525,919000000000,9560874525,11:00 AM,9:30 PM
P245_1000,VCR COMPLEX,Ongole,523002,"Pantaloons,8-401, VCR Complex, Near Andhra Bank,Mangamuru Road, Ongole, Andhra Pradesh - 523002",15.505311,80.016602,8592283339,919513981444,8618876290,11:00 AM,10:00 PM
P314_1000,Mall of Travancore,Trivandrum,695024,"Mall of Travancore, Chakai, Enchakkal Bypass Rd, Thiruvananthapuram, Kerala",8.524203,76.936592,4712776747,917994542223,7558997007,10:00 AM,10:00 PM
P326_1000,DRISHTI PLAZA,Bhopal,462042,"Pantaloons, Dhristi Plaza, Shop No - 1,2,3, Sarvdharm Colony, Kolar Road, Bhopal,Madhya Pradesh- 462042",23.185255,77.415352,9685013125,918657959770,9111725741,11:00 AM,9:30 PM
P319_1000,RAGUNATH CITY MALL,Almora,263601,"Pantaloons, Raghunath City Mall, Vivekanand Puri Khatyari, Mall Road, Almora,Uttarakhand-263301",29.590073,79.64315,5962233310,915962233310,7840004197,11:00 AM,9:00 PM
P325_1000,DB MALL,Gwalior,474001,"Pantaloons, DB Mall, Survey No-522-528, MPRRTC, Divisional Workshop, Gwalior, Madhya Pradesh- 474001",23.232988,78.145042,7514924187,918657959764,9971347457,11:00 AM,9:30 PM
P335_1000,SPITI MALL,Bhiwani,127021,"Pantaloons, Spiti City Mall, Court Road, Spiti City Centre, Patel Nagar,Bhiwani,Haryana - 127021",28.805319,76.135811,1664250335,911664250335,7065376969,10:30 AM,9:00 PM
P337_1000,ICC TECH PARK,Pune,411016,"Pantaloons, ICC Tech park, plot No 403, Senapati Bapat Marg , Pune-411016",18.531208,73.829842,2066095808,918657965634,7774099407,11:00 AM,9:30 PM
P288_1000,MAHAPARVA AMIDNAPORE,Medinipur,721101,"Pantaloons, Holding No.1031/A, 1030/26,Mahala Kotebazar, Opposite to Rajabazar, Midnapore, West Bengal- 721101",22.572989,88.375603,8479905136,919000000000,8479905136,11:00 AM,9:00 PM
P295_1000,SUREKA SQUARE,Guwahati,781007,"Pantaloons, Sureka Square, Lachit Nagar, Ulubari, Guwahati - 781007",26.181353,91.740013,7578005316,917636903765,9735287307 / 9062213,10:30 AM,9:30 PM
P324_1000,MUTHU COMPLEX,Thanjavur,613005,"Pantaloons, No 243, Muthu Complex , Puthukottai road , opp to New housing board colony , Thanjavur -613005",10.786999,78.820847,4362226334,914362226334,9965588112,10:30 AM,9:30 PM
P338_1000,ST SQUARE,Eluru,534007,"Pantaloons, Subadhra Times Square, 25-1-24, Pathebad Rd, R R Pet, Eluru, Andhra Pradesh - 534007",16.71312,81.101997,8812221333,918812221333,9985489216,10:30 AM,9:30 PM
P340_1000,VR MALL,Chennai,600040,"Pantaloons, VR Mall, 44, Pillaiyar Koil Street, J N Rd, Anna Nagar, Chennai-600040, Tamil Nadu",13.080937,80.195824,9513703072,919513703072,8680062854,10:30 AM,9:30 PM
P332_1000,KAZMI COMPLEX,Gaya,823001,"Pantaloons, Dr. AR Kazmi Gharana Complex, Sipahi Lane, White House Compound, PS- Rampur, Dist- Gaya - 823001",24.78879,84.991508,6312222472,916312222473,8777595362,11:00 AM,9:30 PM
P341_1000,SEVEN SEAS MALL,Vadodara,390002,"Pantaloons, Seven seas mall, Ground floor,NR IPCL Circle ,Fatehgunj, Vadodara-390002",22.32275,73.18663,8657959686,918657959684,8657959686,11:00 AM,9:30 PM
P315_1000,BNR MALL,Tirupati,517501,"Pantaloons  -19-4-9/6, STV Nagar, Airby Pass Road, Near Tvs Show Room, Tirupathi - 517501",13.624461,79.431007,8772244460,918772244470,9640184186,11:00 AM,9:30 PM
P320_1000,THE PALM MALL,Korba,495677,"Pantaloons, The Palm Mall, Ground Floor, TP Nagar main road, near SBI ATM, Korba, Chhattisgarh-495677",22.35845,82.708466,8657959692,918657959692,8889500778,11:00 AM,9:30 PM
P342_1000,K STAR MALL,Mumbai,400071,"Pantaloons, K-Star Mall, Store no. 3, 4, 5 & 6, First floor, Diamond Garden, Chembur, Mumbai, Maharashtra 400071",19.052111,72.900673,8657959735,918657942520,7738822327,11:00 AM,9:30 PM
P317_1000,PLANET MALL,VIJAYAPURA,586103,"Pantaloons, Planet Mall,BM Patil Road, Banjara Cross Road,Near BLDE University, Vijayapura, BIJAPUR-586103",16.8288,75.717781,8352261753,918352261753,9739955309,10:00 AM,20:00 PM
P334_1000,VIJAYA HERITAGE,Tezpur,784001,"Pantaloons, Vijaya Heritage, J N Road, Kacharigaon, Dist Sonitpur, Tezpur,Assam- 784001",26.625271,92.786621,8876709004,917577862254,8335888501,10:30 AM,9:00 PM
P344_1000,VIDYUT TOWER,Kangra,176001,"Pantaloons, Vidyut Tower, Near Amartex Building, Opp. Rajput Sabha, Kangra, Himachal Pradesh - 176001",32.101501,76.273201,1892262759,916230036616,7087975740,10.30 AM,9:30 PM
P153_1000,CURO MALL,Jalandhar,144002,"66 Feet Road, Village Lohar Nangal, Urban Estate Phase  2, Jalandhar, Punjab - 144002",31.281647,75.588058,8727874959,918727874959,9897561536,11:00 AM,8:30 PM
P350_1000,MALL OF AMRITSAR,Amritsar,143001,"Pantaloons, Mall OF Amritsar , MBM Farm, GT Road ,Punjab- 143001",31.619535,74.907364,1835100112,911835100112,742871087,10:00 AM,9:30 PM
P202_1000,SARATH CITY MALL,Hyderabad,500084,"Pantaloons, SarathCity Capital Mall,Kothaguda,Kondapur, Gachibowli Hyderabad-500084",17.46134,78.366943,9133684777,918951755416,9640012777,11:00 AM,9:30 PM
P237_1000,CITY LIGHT,Surat,395007,"Pantaloons, City Light, Unity Corner, GF City Light, Main road, SURAT 395007",21.159,72.778557,8657959680,916358757877,9998144159,11:00 AM,8:30 PM
P305_1000,CAMP ROAD,Chennai,600073,"Pantaloons, Plot No B & C, Velachery Road, Camp Road Junction, Selaiyur, Chennai - 600073",12.57109,77.009239,9513703095,919513703095,8695984738,10:30 PM,9:30 PM
P312_1000,CENTER BAZZAR,Vapi,396191,"Pantaloons, Center Bazzar, Dabhel check Post, challa road,  Vapi, Gujarat - 396191",20.260403,72.883942,6358726556,916358726556,7039015466,11:00 AM,9:30 PM
P318_1000,SRMT MALL,Kakinada,533003,"Pantaloons, SRMT MALL, DNO:-4-21, RAMANAYAPETA, PITHAMPURAM,KAKINADA - 533003",16.99457,82.250954,8846794001,918846794001,7093897366,11:00 AM,9:30 PM
P328_1000,CITY CENTRE MALL,Purulia,723101,"Pantaloons, City Centre Mall, Deshbandhu Road, Purulia, West Bengal- 723101",23.3416,86.370956,9088020442,920000000000,9088020442,10:30 AM,9:00 PM
P343_1000,EMPIRE MALL,Amravati,444701,"Pantaloons, Empire Mall, opp. Samarth High School, Badnera Road, Amravati - 444701, Maharashtra",21.27331,77.519402,7212571195,918657959691,9000057623,11:00 AM,9:30 PM
P345_1000,EMINENT CITY MALL,SONIPAT,131001,"Pantaloons, Eminent City Mall, Bawa Tarana Road, Sonipat, Haryana- 131001",28.996599,77.030411,9717178088,919729096446,7065072282,11:00 AM,9:00 PM
P346_1000,VAISHALI NAGAR,Jaipur,302021,"Pantaloons, 79-81, Shiva Raj Niketan, Gautam Marg, Jaipur,Rajasthan- 302021",26.90601,75.74073,8824718905,918824718905,,11:00 AM,9:30 PM
P354_1000,BAGALUR ROAD,Hosur,635109,"Pantaloons, 89/6, Opp. TNHB Colony, Bagalur Road, HOSUR-635109",12.73752,77.831863,4344243577,919513981420,9585503858,10:30 AM,9:30 PM
P356_1000,OMR,Chennai,600097,"Pantaloons, 5/360, Rajiv Gandhi Salai, Okkiyam, Thuraipakkam, CHENNAI-600097",12.930653,80.232018,9513703077,919513703077,9677182670,10:00 AM,10:00 PM
P359_1000,SUBHADRA MALL,Nagpur,413133,"Pantaloons, Subhadra Mall, Plot NO.P-60 .Bhigwan Road, Baramati Maharashtra",18.16659,74.593842,8657959763,918657959763,9004996731,11:00 PM,9:30 PM
P361_1000,PVS MALL,Meerut,250004,"Pantaloons, PVS Mall, I Block, Shastri Nagar Market, Meerut -250004",28.953875,77.729774,8882207576,919000000000,8882207576,11:00 AM,9:30 PM
P355_1000,MOGAPPAIR CHENNAI,Chennai,600037,"Pantaloons, Plot 2/4, Door No. JJ253,Kamabar Salai, JJ Nagar,Mogappair,CHENNAI-600037",13.08653,80.169189,9513703079,919513703079,9840807974,10:30 AM,9:30 PM
P358_1000,MARUTI SOLRIS,Anand,388001,"Pantaloons-Anand,Maruti Solaris Mall,Near Madhuban Resorts, Anand Sojitra Road, Anand, Gujarat 388001",22.541344,72.946892,8657959682,918657959682,7069631456/832092253,11:00 AM,9:30 PM
P353_1000,AMBATTUR,Chennai,600053,"Pantaloons,162,Redhills Road, Near Rakki Theater,162,CHENNAI-600053",13.12298,80.149239,9513703082,919513703082,8680062860,10:30 AM,10:00 PM
P217_1000,"C SECTOR, ITANAGAR",Itanagar,791111,"Pantaloons,Dist: Papum Pare,Sector C, Itanagar,Arunachal Pradesh,Pin- 791111",27.096924,93.624901,8794905031,917596086836,9863067191,10:00 AM,8:30 PM
P331_1000,RWORLD 21 MALL,Gandhinagar,382021,"Pantaloons, R-world 21, Shop no.1,2&19. First floor, old Rajshri cinema.plot141sector -2, Gandhinagar  382021 Gujarat.",23.231424,72.666107,8419912439,918419912439,9898209927,11:00 AM,9:30 PM
P351_1000,VISHWAVIDHYALAYA MARG,Ujjain,456010,"Pantaloons, Giriraj Heritage 87,87/1&87/2,Madhav Club Road ,Teen Batti Square ,Near Dawa Bazar Ujjain-456010(M.P)",23.177898,75.786362,7342555035,918657959776,8889998904,11:00 AM,9:30 PM
P352_1000,GSM Mall Raigarh,Raigarh,496001,"Pantaloons, Grand Shopping Mall, Sheet No.43, Plot No. 539/1, Gauri Shankar Mandir Road,Raigarh,Chhattisgarh-496001",21.89764,83.396599,086526 32489,918652632489,9764516950,11:00 AM,9:30 PM
P357_1000,"RS ROAD, KADAPA",Kadapa,516001,"Pantaloons, 1/75, Opp Himalaya Hospital,RS Road, Yerramukkapalli,Kadapa-561001",14.460665,78.823303,8562256055,918867702969,8309518422,11:00 AM,9:30 PM
P364_1000,"BANDRA, HILL ROAD",Mumbai,400050,"Shop No. 2, Beau pride, Hill Road, Mumbai -400050 Maharashtra.",19.055498,72.832458,7039098621,917039098621,7738192782,11:00 AM,9:30 PM
P179_1000,SYMPHONY MALL,BHUBANESWAR,752101,"Pantaloons, Ground Floor, Shop No. GF 9 & 10, Symphony Mall, Bhubaneswar & Cuttack Highway, NH 5, Plot Nos. 149(P) Mouza: Rudrapur, Bhubaneswar-752101",20.322906,85.8797,7596073255,917596073255,9778623135 / 7008903,10:30 AM,9:30 PM
P385_1000,"CBD MALL, SHAHADRA",New Delhi,110032,"Pantaloons, GF, Central Business District (CBD), Shahdara, Near Karkardooma Courts, Delhi - 110032",28.660503,77.297272,1122300140,918929301616,9988472548,11:00 AM,9:30 PM
P383_1000,HAPUR,Hapur,245101,"FREE GUNJ ROAD, Plot No.17-6 (Khasra No.1402,1356), Free Ganj main road, Hapur, Uttar Pradesh 245101",28.735802,77.775871,837/692-6370,911000000000,8376926370,11:00 AM,9:30 PM
P391_1000,COURT ROAD,Saharanpur,247001,"COURT ROAD - SAHARANPUR, Main Court Road ,Saharanpur-
Uttar pradesh-247001",29.924101,77.522797,8573034385,911000000000,8573034385,11:00 AM,9:30 PM
P366_1000,"SIDDHI ARCADE, VIRAR",Mumbai,401303,"Pantaloons-Ground floor Siddhi Arcade Narangi  bypass road, V K Nagar
VIRAR (west) 401303 Maharashtra.",19.464506,72.805298,7039235729,917039235719,9167297658,11:00 AM,9:30 PM
P367_1000,WESTERN SQUARE,Junaghad,362001,"Pantaloons-Western square mall, Near
Swaminarayan Mandir Dipanjali, JUNAGADH , Gujarat 362001",21.503733,70.43969,8657958512,912852675753,9924494000,11:00 AM,9:30 PM
P349_1000,"VEGAS MALL,DWARKA",New Delhi,110075,"PT-VEGAS MALL-DELHI,Pantaloons, Vegas Mall,Plot No.6, Sector 14,Dwarka,110075 DELHI",28.600573,77.029663,8750884400,911161408891,8750884400,11:00 AM,9:30 PM
P386_1000,AASHISH PALACE,Lucknow,226021,"AASHISH PALACE, PLOT-bearing no-64,Sector-E, Sitapur road, Aligunj /Jankipuram, Uttar Pradesh",27.240068,80.549294,975/981-9999,919000000000,9759819999,11:00 AM,9:45 PM
P404_1000,MEDICAL COLLEGE RD,Gorakhpur,273013,"Pantaloons,Plot  no -1220 ME ,GF+FF ,H N SINGH Choraha,Medical College Road, Gorakhpur",26.781298,83.389114,7755801121,920000000000,7755801121,11:00 AM,9:30 PM
P406_1000,SWARAN CINEMA,Hoshiarpur,146001,"Pantaloons, GF & FF, Swaran Cinema Khasra No 824/756/2(3-7),Village Bassi Khawaju,Hadbast No.227,Roshan Road, Opposite Bus Stand, Hoshiarpur, Punjab",31.533688,75.904984,1882241650,911882241650,8427486076,10.00 AM,9:30 PM
P392_1000,EMINENT MALL,Hisar,125001,"Eminent City Mall,
Cinema site, CUE-1,Red square mkt,
Delhi rd, Hisar, Haryana
HISAR- 125001",29.157175,75.721542,7082788392,917082788392,7015340243,11:00 AM,9:00 PM
P384_1000,CITY MALL,Lucknow,226007,"Unit no 8 & 101 , City Mall , Plot No CP-2, Vipul Khand-4, Gomti Nagar ,Lucknow, Uttar Pradesh-226010",26.904909,80.969841,9654192453,919000000000,9654192453,11:00 AM,9:30 PM
P291_1000,VR MALL,Surat,395007,"Pantaloons, VR Mall, Dumas Road, Magdalla, Surat, Gujarat - 395007.",21.14518,72.754898,2616795202,912616795202,7016507338,11:00 AM,9:30 PM
P380_1000,BY PASS ROAD,Madurai,625010,"Pantaloons, No.91/3, By Pass Road, Madurai, 625010",9.917145,78.094284,9513400521,919513400521,9944126588,10:30 AM,10:00 PM
P378_1000,NAGARBHAVI,Bengaluru,560072,"Jeevan Krishna - No. 610,80 ft. Road, Vinayaka Layout, Nagarbhavi, 2nd Stage, Bengaluru, Karnataka 560072",12.961284,77.511673,9513703097,919513703097,9620159542,11:00 AM,9:30 PM
P377_1000,UTTRAHALLI,Bengaluru,560061,"No. 13, Uttarahalli Main Road, Subramanya Post,  Bengaluru, Karnataka 560061",12.908028,77.547646,9513703096,919513703096,7026605144,11:00 PM,9:30 PM
P374_1000,"U MALL, HUBLI",Hubli,580020,"U-MALL, COEN ROAD, HUBLI-580020",15.35123,75.143593,9513703099,919513703099,8152999338,11:00 AM,9:30 PM
P410_1000,CITY CENTRE MALL,Udupi,576101,"Pantaloons, LGF & UGF, City Centre Mall, Maruthi Veethika Near District Bus Terminus, Opp Jamia MasjidUdupi, Karnataka 576101",13.45296,74.706383,7406279310,917406279310,8494956519|974306855,11:00 AM,9:30 PM
P400_1000,DSL ABACUS MALL,Hyderabad,500039,"PT,LGF&GF,DSL ABACUS MALL,PLOT NO.'s B-1 UPPAL RAMANTHAPUR MAIN ROAD,UPPAL R.R D UPPAL, HYDERABAD 500039",17.39348,78.559647,9513400524,919513981422,9493554232,10:00 AM,10:00 PM
P401_1000,RT NAGAR,Bengaluru,560032,"Pantaloons, Plot No. 178, RT Nagar, MATADAHALLI Ward No.34(98), Bengaluru  560032",13.01458,77.592903,7406288910,919513354506,9014678494,11:00 AM,9:30 PM
P309_1000,MARINA MALL,Chennai,603106,"Pantaloons, Shop No. G11 & S214, The Marina Mall,Old Mahabalipuram Road, Egattur, Chennai, Tamil Nadu 603103",12.83622,80.228683,9513703100,919513703100,8680062826,11:00 AM,10:00 PM
P382_1000,MALL OF MYSORE,MYSURU,570010,"Pantaloons, No.C-1, MG Road, Indiranagar Extension, Nazarbad Mohalla, Mysore, Karnataka, 570010",12.32369,76.67408,7406288910,917406288910,8550060006,10:30 AM,9:30 PM
P399_1000,TGV ANANTHA CITY SQUARE MALL,Kurnool,518004,"Pantaloons, TGV ANANTHA CITY SQUARE MALL D.NO.40/37-M,SyNo177&192,4A,New Bus Stan KURNOOL 518004",15.85668,77.985291,9513400522,919513400522,7660004367,11:00 AM,9:30 PM
P411_1000,MANGO HYPERMARKET,Bengaluru,560103,"Pantaloons, 87/3 Boganahalli Village Panthur Varthur Hobli, Bellandur  Bengaluru, Karnataka 560103",12.920445,77.696869,9513400533,919513400533,7259820294,10.30 AM,9:30 PM
P394_1000,MEHSANA - GUJARAT,Mehsana,384205,"GF & FF, Trogon, Plot No.1061 Mehsana (Pachot) Main Road,By Pass Circle, Near D-MART, Gujarat, Pin code 384205",23.620131,72.345383,7039101861,917039101861,8733927318,11:00 AM,9:30 PM
P330_1000,HK COMPLEX,Raebareli,229001,"Pantaloons, Harikripa complex, plot no-59 (M), Khalsa chowk, Raebareli 229001",26.236326,81.204659,8527901065,915000000000,8527901065,10:00 AM,6:00 PM
P408_1000,MRC MAGNUM MALL,Una,174303,"Pantaloons, GF & FF, MRC Magnum Mall,Khewat No.723Min,Khatauni No.1572,KhasraNo.848 to 877 of beaing 71161/1172610 Sqft revenue village Up Mohol Galuna,mauja Una-174303",31.469633,76.266174,1975227335,911975227335,8054551190,11:00 AM,9:30 PM
P379_1000,HANAMKONDA,Warangal,506001,"H. NO. 1-8-591, Nakkalagutta, Hanamkonda, Warangal, Telangana State 506001",17.999969,79.552948,9513703098,919513703098,9951441456,10:30 AM,9:30 PM
P405_1000,SARAS CIRCLE,Bharatpur,321001,"Pantaloons, GF & FF, Azad Towers Main Saras Circle, Rajendra Nagar Bharatpur 321001",27.21063,77.504913,9639485079,915644231782,9265306024,11:00 AM,9:30 PM
P376_1000,MUKURAMPURA,Karimnagar,505001,"Pantaloons, H.No 2-6-306, Opp. Axis Bank, Mukurampura KarimNagar, Telangana 505001",18.437759,79.127472,7406278210,917406278210,9052914383,11:00 AM,9:30 PM
P126_1000,ABS MALL,Jorhat,785001,"Pantaloons, ABS Mall, Gar Ali, Jorhat - 785001",26.765221,94.166733,9127009200,916913503138,7575918978 / 8420564,10:30 AM,9:00 PM
P397_1000,SENTRUM MALL,Asansol,713305,"Pantaloons, LGF & GF, Sentrum Mall, Block A, Phase 1B, Onsen Raleigh Main Road, Asansol,",23.70413,86.947754,8479906417,918000000000,8479906417,11:00: AM,9:30 PM
P387_1000,"KOLKATTA - DEB TOWER, DUMDUM",Kolkata,700028,"Pantaloons, Deb Tower, 1 U.K Dutta Road, P.S Dum Dum, PIN No. 700028, West Bengal.",22.63798,88.418266,8479901965,918000000000,8479901965,11:00 AM,9:30 PM
P395_1000,REGALIA MALL,BHUBANESWAR,751019,"Pantaloons , UGF , DN Regalia Mall , IDCO Plot No 1 /A , Bhagabanpur Industrial, Bhubaneshwar-751019",20.240999,85.758247,7596039234,917596039234,9337954933,10:00 AM,9:30 PM
P388_1000,RANGHAR PLAZA,Dibrugarh,786001,"Pantaloons, Ranghar Plaza, HS Road, Dibrugarh, Assam - 786001.",27.480057,94.904472,7596039250,917596039250,9036479423 / 9863067,10:00 AM,8:30 PM
P396_1000,NS ROAD,Jaigaon,736182,"Pantaloons, Saraswati Associates, 198, N. S. Road, Jaigaon, West Bengal - 736182.",26.859306,89.381027,7602386222,918000000000,7602386222,10:30 AM,9:00 PM
P170_1000,CROSSROAD MALL,Rourkela,769001,"Pantaloons. The Crossroad Mall, Opposite Railway Station, Rourkela, Orissa - 769001",22.227057,84.864082,9114905246,917596074660,9831852653,11:00 AM,9:30 PM
P433_1000,FORUM RANGOLI MALL,Kolkata,711202,"Pantaloons, Forum Rangoli Mall, 212, Girish Ghosh Rd, Belur, Howrah, West Bengal 711202",22.624166,88.353668,7699000201 / 7407014592,918000000000,7699000201 / 7407014,11:00 AM,9:00 PM
P368_1000,NILAMBER TRIUMPH,Vadodara,391410,"NILAMBER TRIUMPH, GOTRI VASNA ROAD, NILAMBER CIRCLE, VADODARA - 391410",22.301571,73.138817,8291991522,918291991220,9974597646,11:00 AM,9:30 PM
P414_1000,PHOENIX PALASSIO MALL,Lucknow,226010,"FF& SF, PHOENIX PALASSIO MALL, Gomti Nagar Extension, Sector 7, Lucknow, Uttar Pradesh, pin code: 226010",26.771322,80.953438,8573026131,919000000000,8573026131,11:00 AM,9:30 PM
P407_1000,GAUR CITY MALL,Noida,201301,"T - GAUR CITY MALL - NOIDA, LGF, Gaur City Mall ,PLOT NO: C-01B/GH-01,Sector-4, Greater Noida (West), 201301 NOIDA",28.605871,77.429535,7015682426,920000000000,7015682426,11:00 AM,9:30 PM
P413_1000,"HIGH STREET PHOENIX, LOWER PAREL",Mumbai,400013,"Pantaloons, FF, SF & FF, HIGH STREET PHOENIX, NORTH SKYZONE SENAPATI BAPAT MARG LOWER PAREL, MUMBAI 400013",18.995047,72.825058,8657933070,918657933070,9920119605,11:00 AM,9:30 PM
P427_1000,COMMERCIAL STREET,Bengaluru,560001,"Pantaloons Division LGF,UGF,&FF,Muncipal No-15,Commercial Street,  Bengaluru - 560001.Karnataka",12.984279,77.608597,7795678451,917795678451,8879625060,11:00 AM,9:30 PM
P421_1000,GANDHI NAGAR,Chennai,600020,"Pantaloons, GF, FF & SF, Plot Number 55, No. 17 &19, Gandhi Nagar 1st Main Road, CHENNAI 600020",13.007345,80.250488,7795678446,917795678446,7448807926,10:30 AM,10:00 PM
P375_1000,MADIPAKKAM,Chennai,600117,"Pantaloons, Plot No 01,New door No 51,Old door No 10/A,Medavakam main road, Kilkattalai, Chennai,600117",12.960616,80.186806,7795678445,917795678445,7448807943,10:30 AM,9:30 PM
P419_1000,SHREE PVR MAHAL,Chennai,600054,"Pantaloons, Pt Gf, Ff, Sf & Tf, 1/PC4, Shree PVR Mahal Avadi TNHB Road,Opp KVB Bank& Croma Store Avadi Thiruvallur District, Chennai - 600054",13.124922,80.102135,8951755317,918951755317,8680062843,11:00 AM,9:30 PM
P403_1000,RUCHI AVENUE,Navsari,396445,"Pantaloons, GF, FF & SF, Ruchi Avenue, Plot No. 21/P142, Navsari Jamalpur Main RD, Navsari, Gujarat, 396445",20.929153,72.94503,7039003937,917039003937,9510986111,11:00 AM,9:30 PM
P398_1000,CALISTA MALL,Ahmedabad,394602,"Pantaloons, GF & FF, Callista The Mall, Block No.126 B,

Near Vidya Bharti College, Opp. Empire Square, Baben Gam,

Bardoli, District Surat -394602",21.149208,73.089195,8291945535,918291945535,9904334222,11:00 AM,9:30 PM
P415_1000,SHIVALIK SQUARE - RANIP,Ahmedabad,380013,"Shivalik Square, Nava Wadaj, Ranip",23.067242,72.572433,8291991388,918291991341,9016934526,11:00 AM,9:30 PM
P416_1000,SATVA ICON,Ahmedabad,382418,"Pantaloons, GF & FF, SATVA ICON VASTRAL,PLOT NO:39/2/2, ON VASTRAL CROSS ROAD ,SP RING ROAD ,VASTRAL AHMEDABAD",22.997707,72.665428,8291991749,918291991749,8146675052,11:00 AM,9:30 PM
P439_1000,A S RAO NAGAR,Hyderabad,500062,"Pantaloons : As Rao Nagar Beside Pai Electronics, laxmipuram Colony Kapra, Hyderabad  500062",17.481762,78.554771,8951755316,918951755318,7019811849,11:00 AM,9:30 PM
P265_1000,VENKATESH MALL,Chhindwara,480001,"Venkatesh Mall, Opp. ELC Church, Nagpur Road, Chhindwara, Madhya Pradesh - 480001",22.045382,78.931709,7162247153,917880247153,8859488290,11:00 AM,9:30 PM
P426_1000,PRABHUS EMERALD,Vasco Da Gama,403803,"Pantaloons, GF & FF ,Prabhus Emerlad, Plot No. 13/4-A Dabolim Village, Marmugao, Zuari Main Road, Dabolim, Vasco da Gama, Goa 403803",15.391233,73.849258,8657959704,918657959704,9893330984,11:00 AM,9:30 PM
P438_1000,SHYAMAL - AHMEDABAD,Ahmedabad,380015,"GF 8-10 FF 106-109, ICONIC BY SHAFALYA, SHYAMAL CROSS ROAD,SATELLITE, AHMEDABAD,GUJARAT - 380015",23.027302,72.522751,8657956917,918657956919,9723098899,11:00 AM,9:30 PM
P434_1000,Ambience Mall,Gurugram,122002,"Pantaloons,G-39 GF, F-127,128,129,130 FF Ambience Mall,NH-8,Ambience Island,DLF phase-3,Sector-24,Gurugram,Haryana 122002",28.5028,77.097069,7669169147,917669169147,7017877709,11:00 AM,9:45 PM
P455_1000,ESPLANADE MALL,Gurugram,122001,"Pantaloons, GF & FF, The Esplanade,GF Shop No. 14 to 21, FF Shop No. 14 to Basai Village,Sector 37C Road, 21, Khasra No 730/1, GURUGRAM-122001",32.314507,76.956398,8929325335,918929325335,8146447360,11:00 AM,9:30 PM
P458_1000,SAPPHIRE 83,Gurugram,122001,"Pantaloons, GF & FF, Sapphire 83 ,GF Shop No. 63, FF Shop No. 153 ,Sector-83  GURUGRAM-122001",28.399914,76.965965,7669097861,917669097861,9990353446,11:00 AM,9:30 PM
P409_1000,SHAUKAT ALI RD,Rampur,244901,"Khasra No -177-178 Maddayyan Nadar Bagh Shaukat Ali Rd,Rampur, Uttar Pradesh-244901",28.793741,79.02224,9717595149,916000000000,9717595149,11:00 AM,9:30 PM
P381_1000,CHETTIKULAM,Nagercoil,629001,"ABFRL,Pantaloons, 14-E, Rajakamangalam Road,Chettikulam Junction, Nagercoil--629001 Tamil Nadu",8.174523,77.430954,8951931419,918951931419,9790997134,11:00 AM,10:00 PM
P417_1000,CITY CENTRE MALL - BHILWARA,Bhilwara,311001,"Pantaloons, GF & FF, City Centre Mall,Patch Area, Near Mahaveer Park, Bhupal Ganj, Bhilwara. PIN - 311001",25.33663,74.569763,1482287593,911482287593,9005704545,11:00 AM,9:30 PM
P418_1000,DLF CITY CENTRE MALL,Chandigarh,161101,"Pantaloons, FF, Unit 106 - 117,DLF City Centre Mall, UT - Chandigarh, 161101",30.729504,76.845856,9582085234,919582085234,9996659173,11:00 AM,8:30 PM
P389_1000,PRABHATAM GRAND MALL,Dhanbad,826004,"Pantaloons, Prabhatam Grand Mall, Dhaiya, Barwaada Road, Chanchani Colony, Dhanbad, Jharkhand - 826004",23.829216,86.433304,8229802801,918229802801,8229802801,10:30 AM,9:30 PM
P420_1000,SHREE NIVAS,Bengaluru,560097,"PT-SHREE NIVAS VIDHRANYAPURA, PT,GF,MEZZ,FF,SF, KHATA NO,661/6 Plot 705  Vidhyaranyapura Main Road,Bel Layout, Bengaluru Karnataka : 560097",13.0825,77.559929,9513747521,919513747521,8494902373,11:00 AM,9:30 PM
P435_1000,KAMMANAHALLI,Bengaluru,560084,"Pantaloons, GF & FF, SNR square, No 4/1, Kammanahalli Main Road, Bengaluru, Karnataka",13.02346,77.637184,9513322797,919513322797,9164241212,10:30 AM,9:30 PM
P461_1000,GOKULAM GALLERIA,Calicut,673004,"Pantaloons , Gokulam Galleria Mall, Mavoor Road, Arayidathu Palam , Calicut, Kozhikode Kerala",11.259983,75.793198,8951913416,918951931416,9562569000,10:30 AM,9:30 PM
P365_1000,TRILIUM MALL,Nagpur,440003,"Pantaloons, Second Floor, VR Mall, Rambagh Layout, Untkhana  440003",21.133007,79.095894,9076012785,919076012785,9075003406,11:00 AM,9:30 PM
P441_1000,BAZARPARA ROAD,Angul,759122,"Pantaloons, Modern motors, Shanker cinema road Infront of Jeevandeep Apartment",20.837379,85.089134,7605034138,917605034138,8229802821 / 9583452,10:30 AM,9:30 PM
P423_1000,FORUM GALLERIA MALL,Rourkela,769004,"Pantaloons, Forum Mall, Unit - 42, Civil Township, , IDCO Commercial Estate, Rourkela Town ,Orissa - 769004",22.226793,84.819939,7605029914,917605029914,9874267950,11:00 AM,9:30 PM
P450_1000,THE RETAIL PARK - BOPAL,Ahmedabad,380058,"Gf,Ff, Sf, The Retail Park Commercial Plot Bearing No.F P No.58+60/ Ahmedabad",23.033676,72.428391,9033336691,917506934778,9033336691,11:00 AM,9:30 PM
P412_1000,"OFF18TH JUNE ROAD, PANAJI",Panjim,403001,"Ganga Niwas Commercial Building, Plot No.188 to 204, Dr. P Shivgaonkar Road, Ozari, Panjim, Goa",15.498285,73.825523,7506838669,917506837953,,11:00 AM,9:30 PM
P370_1000,GLOBAL - HINEJWADI,Pune,411057,"Grand Highstreet
Unit No. UGF 1 &1D IndiaLand Global Industrial Park, Padmabhushan chowk,
Near WIPRO Phase II, Hinjawadi Phase II road,
Rajiv Gandhi Infotech Park, Taluka Mulshi, Dist. Pune",18.594095,73.72477,9764516950,917506932252,,11:00 AM,9:30 PM
P425_1000,Golden Square,Bharuch,392001,"Golden square, ABC Cir, Bholav, Bharuch",21.72267,73.004807,7506935621,917506935621,,11:00 AM,9:30 PM
P390_1000,SANGEETA ENCLAVE,Guwahati,781003,"Pantaloons, Sangeeta Enclave, Gnb Road, Silpukhuri, Guwahati, Assam 781003",26.184521,91.754585,7605029926,917605029926,7605029926,10:30 AM,9:30 PM
P431_1000,KANJIKUZHY ROAD,Kottayam,686002,"Pantaloons, Pt,Gf,The Kerala Catholic Trust Building Survey No. 121 And 123, Kanjikuzhi Kottayam Kerala 686002",9.588594,76.539749,8951931421,918951931421,8951931421,10:30 AM,9:00 AM
P436_1000,KOHINOOR SQUARE - DADAR,Mumbai,400028,"Pantaloons, Gf, Ff, Sf, Kohinoor Square, Plot Bearing No.46 Mumbai Maharashtra 400028",19.024923,72.839317,8007027759,917506935069,8007027759,11:00 AM,9:30 PM
P442_1000,BONGAIGAON,BONGAIGAON,783380,"Pantaloons, Gf,Ff,Sf,Commercial Plot No(Khata No 575 Bongaigaon Bongaigaon Assam 783380",26.476585,90.554031,6292264020,916292264020,6292264020,10:30 AM,9:00 PM
P443_1000,SIWAN,Siwan,841226,"Pantaloons, GF-FF-SF, Plot Holding No.724/765 82.Survey No. 247/276, Siwan Bihar 841226",26.222021,84.364487,6292268303,916292251830,6292268303,10:30 AM,9:00 PM
P454_1000,Amar Business Zone,Pune,411045,"Pantaloons, Gf & Ff, Amar Business Zone Shop No. 7, 8, 9 & 10, Commercial Plot Pune Maharashtra 411045",18.563709,73.7742,7506841478,917506841478,7506841478,11:00 AM,9:30 PM
P460_1000,KOMPALLY - HYDERABAD,Hyderabad,500067,"Pantaloons, Gf, Ff, Sf, Plot No. 01-057/4/1, Surevy No. 11 Part Hyderabad Telangana 500067",17.44219,78.493187,8951931525,918951931525,8951931525,11:00 AM,10:00 PM
P463_1000,LULU GLOBAL MALL,Bengaluru,560023,"Pantaloons, Gf, Lulu Global Mall, Bengaluru Karnataka 560023",12.981501,77.563309,9901617982,918951932126,9901617982,10:00 AM,9:30 PM
P493_1000,Orion Uptown Mall,Bengaluru,562129,"Pantaloons, Ugf - 11, 12 & 13, 7, Orion Uptown Mall Old Madras Road, Huskur, Bengaluru Karnataka 562129",13.05526,77.761703,7338110034,918951964306,7338110034,10:30 AM,10:00 PM
P437_1000,Trendset Mall,Vijayawada,520008,"Ground floor, Trendset Mall, D. No: 40-1-56, Benz Circle, M.G.Road, V Vijayawada Andra Pradesh 520008
",16.498549,80.653442,8951932135,918951932135,9491955337,11:00 AM,9:30 PM
P465_1000,Dahod Road,GODHRA,389001,"Silver Screen Multiplex Building, Dahod Road, Bapunagar Society, Godhra",22.775892,73.643188,8657942516,918657942516,,11:00 AM,9:30 AM
P489_1000,Lulu Mall ,Trivandrum,695029,"First Floor,Lulu Mall, Akkulam, Anayara Post, Thiruvananthapuram, Kerala",8.516275,76.89743,9895772489,919895772489,,10:00 AM,10:00 PM
P477_1000,THE CAPITAL - VASAI,Mumbai,401209," GF: 02A, 02B And Ff: 01, 25, 26, The Capital By Lake Shore Survey No ",19.360001,72.809998,8291731141,918291732775,8898400100,11:00 AM,9:30 PM
P492_1000,ORION GATEWAY MALL,Bengaluru,560055,"UGF - 07 & 08, Orion Gateway Mall, Dr Rajkumar Rd, Rajajinagar",13.011058,77.555061,8550060009,918951964301,8550060009,10:00 AM,10:00 PM
P484_1000,CITY CENTRE - BALURGHAT,Balurghat,733103,"UGF & FF, City Centre Commercial Plot Bearing No.Rs99, Lr 18 & Balurghat",25.250994,88.779366,6292269822,916292269822,9331084717,11:00 AM,9:30 PM
P483_1000,THE OPULENT MALL,Ghaziabad,201001,"GF, FF & SF,The Opulent Mall, G.T. Road",28.660919,77.341057,8588961911,918588961911,8882207576,11:00 AM,9:30 PM
P449_1000,YAGNIK ROAD - RAJKOT,Rajkot,360001,"Gf, Ff, Sf Plot Bearing No.6/1,City Survey No.32",22.2941,70.801125,8291733541,918291733541,9924494000,11:00 AM,9:30 PM
P456_1000,PALANPUR,Palanpur,385001,"Gf, Ff & Sf, Chaudhary Complex Commercial Plot Bearing No. 22 Palanpur",24.18635,72.421692,8657942511,918657942511,9228527430,11:00 AM,9:30 PM
P470_1000,DURGA INFINITY,Patna,800014,"GF, FF & SF, Durga Infinity Commercial Plot Bearing No.1036, Khata",0,0,8340546101,919147132949,,10:30 AM,9:30 PM
P529_1000,NANDED SQUARE MALL,Nanded,431606,"Nanded Square Mall, Survey No-63/1 and 71-D/4,Nanded Latur Rd, Village-Vasarni, Taluka & District-Nanded",0,0,9325166235,919325185562,,11:00 AM,9:30 PM
P479_1000,GREEN HEIGHTS,Tinsukia,786125,Hukanpukhuri Gaon,27.484516,95.388954,8961616129,918961616129,,10:30 AM,9:00 PM
P446_1000,Purania ,Purnia,854301,"Polytechnic Chowk, Line Bazar, Khata No.678 (Ward No 15) On NH 31",25.762373,87.468765,9147137581,919147137581,,11:00 AM,9:30 PM
P444_1000,CITY CENTRE MALL,Bettiah,845438,"GF, FF, SF, JAK Hotel & Arcade LLP East of Town Hall",26.799303,84.505676,9147137580,,,11:00 AM,9:00 PM
P487_1000,PRAGA MALL,Hyderabad,500080,"GF& FF, Necklace Pride Mall, Bholakpur, Kavadiguda Main Road",17.423512,78.495125,9493554232,,,11:00 AM,10:00 PM
P474_1000,EAST DELHI MALL,Ghaziabad,201010,"Unit no. -G1,2,3,4,5,6,7,G17A,G17B,G17C,G30 & Anchor B at Ground Floor, EDM Mall, Plot no1, Kaushambi",28.641399,77.317001,8929963443,918929963443,,10:30 AM,9:45 PM
P511_1000,THANDI SADAK,Farrukhabad,209625,"Near Laxmi Cold Storage, Thandi Sadak, Ward No. 21, Police Station-GITI",27.384024,79.585381,8910017769,,,11:00 AM,9:30 PM
P476_1000,SM PALLY ,Malda,732101,"Sarbamangala Pally, Malda Town Station  Road,",25.49041,88.141891,8961616125,918961616125,,11:00 AM,9:30 PM
P505_1000,CINEKRISHNA - HAJIPUR,Hajipur,848101,"Cine Krishna Mall (Near Ganesh Cinema), Cinema Road, Hajipur
",0,0,9147157077,919147157077,919836966273,11:00 AM,9:30 PM
P471_1000,HAZARJYOTI TOWER - MOTIHARI,MOTIHARI,845401,"Hazarjyoti Tower, Ward No. 14, Bank Road, Motihari, Bihar - 845401
",0,0,9147157079,919147157079,9062214108,10:30 AM,9:30 PM
P452_1000,PHULWARI SHARIF - PATNA,Patna,801505,"Roy Colony, Nayatola, Phulwarisharif, Patna, NU - 139, Pin - 801505, Opposite Union Bank
",0,0,9147157080,919147157080,8810528721,11:00 AM,9:30 PM
P445_1000,KALYANI - KOLKATA,Kolkata,741235,"B-09/10, Street B9, Ghosh Para Road, Kalyani, Nadia, West Bengal 
",0,0,9147157076,919147157076,8697918649,11:00 AM,9:30 PM
P486_1000,PANCHRATNA PLAZA - RAMGARH,Ramgarh,829122,"Pancharatna Plaza, Plot No. 473, NH 23, Gola Main Road, Ramgarh, Jharkhand ",0,0,9147157078,919147157078,8479906426,10:30 AM,9:00 PM
P369_1000,JVA KOTHRUD - PUNE,Pune,411058,"Jva Mall, Karve Nagar Pune Pune -411058
",0,0,8657959943,918657959943,7774099407,11:00 AM,9:30 PM
P466_1000,SUN EXOTICA TOWER A-BHAVNAGAR,Bhavnagar,364002,"Gf & Ff, Sun Exotica Tower A Shop No. Gf - G1, G2 & G2A, Ff - 101
",0,0,8657986825,918657986825,9898770500,11:00 AM,9:30 PM
P440_1000,MAGNETO THE MALL - RAIPUR,Raipur,492001,"Gf- Shop No.33,Ff Shop No. 40 & 41 Plot Bearing No.229/44,226/14 & 230/10 
",0,0,8657963993,918657963993,9823640062,11:00 AM,9:30 PM
P447_1000,YAMUNA PLAZA - AKOLA,Akola,444001,"Gf, Ff, Sf, Yamuna Plaza Commercial Plot Bearing No.1/9
",0,0,8657955059,918657955059,9617462391,11:00 AM,9:30 PM
P473_1000,MARKET CITY MALL - RAIGANJ,RAIGANJ,733134,"Market City Mall, L.R. Plot No. 2857 & 2864, N. S. Road, Raiganj, Uttar Dinajpur, West Bengal 
",0,0,9147157074,919147157074,9547567919,11:00 AM,9:30 PM
P490_1000,JB ENCLAVE - SIVASAGAR,SIVASAGAR,785640,"JB Enclave, Ward No. VI, Shivasagar, 
",0,0,9147157075,919147157075,9147157075,11:00 AM,9:30 PM
P475_1000,Kamla Nagar,New Delhi,110007,"Basement-GF, Plot no. 29, Bungalow Road, Kamla Nagar",28.683098,77.205551,7669421298,917669421298,, 11:00 AM, 10:00 PM
D023_7000,Ret- Pantaloons Bhiwandi Warehouse,Thane,421302,"Aditya Birla fashion & retail LTD(Pantaloons), C/O Yusen logistics INDIA Pvt. LTD. Warehouse No - 2,BGR complex,Village Vahuli,Mumbai Nasik Highway,Behind Shivsagar Hotel,Post - Padgha, Bhiwandi",0,0,8425821767,,,,
D024_7500,Ret- Pantaloons  North Warehouse,Gurugram,122503,"ABFRL, Khasra No. 5//24,25 Khasra No. 9//4, 5,6,/1,7/1,15 Village Sampaka
Opp Hanuman Ji Mandir, 
Nr Jamalpur Chowk
Gurgaon 122503, Haryana",0,0,8425821767,,,,
D018_7500,Ret- Pantaloons East Warehouse,Hoogly,712306,"ABFRL, LACE BARTER PVT LTD
Shyam Industrial Park, Kapasara,
Dankuni Durgapur Express
Highway, HOOGHLY,712306
",0,0,8425821767,,,,
D015_7500,Ret- Pantaloons South Warehouse,Bengaluru,562111,"ABFRL, Pantaloons CDC Bangalore, 
Rahul Logistics Hub, No 9/2, 
Yedehalli, Sompura Hubli, 
Dabaspet, Nellmangala Taluk 
Bangalore 562111, Karnataka
",0,0,8425821767,,,,
D015_ECOM,Pantaloons South Warehouse-SMU,Bengaluru,562111,"ABFRL, Pantaloons CDC Bangalore, 
Rahul Logistics Hub, No 9/2, 
Yedehalli, Sompura Hubli, 
Dabaspet, Nellmangala Taluk 
Bangalore 562111, Karnataka",0,0,8425821767,,,,
P545_1000,SAPPHIRE 90 - GURGAON,Gurugram,122003,"F-169. Ground and First Floor, Sapphire 90 Mall, Sec-90 Gurugram ,Haryana",28.403799,76.936302,8588900313,8588900313,,11:00 AM,10:00 PM
P533_1000,FORUM NEIGHBOHOOD,Bengaluru,560066,"Gf, The Forum Neighbourhood Mall, 
Shop No. 17A, No.62, Whitefield",12.959856,77.748169,9980279511,919513324468,,10.00 AM,10.00 PM
P548_1000,Nexus Indore Central Mall,Indore,452001,"Naman Mall Management co.ltd,TI Next,170 RNT marg",22.718912,75.871635,8657901781,918657901781,9644405806,10:00 AM,10:00 PM
P451_1000,Lulu Mall Lucknow,Lucknow,226030,"FF, Lulu India shopping mall N-002 ,First Floor, House No-175, Sector -D, Sushant Golf City , Lucknow ",0,0,7669585636,917669585636,918318644820,11:00 AM,9:30 PM
P209_1000,UNIMARK SQUARE,Kolkata,712232,"Pantaloons, Unimark Square20 & 22B,Kolkata,West Bengal- 712232",22.577326,88.290726,9831331040,919831331040,,,
P543_1000,Kapurthala ,Lucknow,226024,"UGF, FF & SF , Shop no - G-1, Agarwal Plaza Plot no - B-1/6, C-15,C-16, Lucknow",26.883072,80.946854,8929301621,,9005704545,10:00 AM,10:00 PM
P495_1000,Kalyan Mart ,Indore,452012,"GF & FF Kalyan Mart, Commercial Plot Bearing No.221, IDA Sch no.97 (Part 4)",22.666809,75.822647,8657892684,918657892684,8889998904,11:00 AM`,9:30 PM
P555_1000,PT - TAPADIA CITY CENTER - AMRAVATI,Amravati,444607,"Tapadia Mall , S.No. 15/2, Mouje Saturna, Gopal Nagar Square,
Opposite Khandelwal Lawns, Amravati,Maharashtra, 444607
",20.90019,77.748161,9930211903,919930211903,9930211903,11:00 AM,9:30 PM
P527_1000,"PT Penn Cinema, Surat",Surat,395005,"GF - Penn Cinema, Commercial Plot Bearing No. Op-118, Next to D-Mart, Jahangirabad Road, FP-23, TP-44, Postal Code - 395005, Surat, Gujarat",21.18729,72.794128,8657992107,918657992107,9510986111,11:00 AM,9:30 PM
P488_1000,BHARTIYA CITY CENTRE - BENGALURU,Bengaluru,560064,"UGF, No 1UG, 2UG, Bhartiya City Mall, Thanisandra Main Rd, Bengaluru, Karnataka",0,0,919538012826,9538012826,7760809023,11:00 AM,9:30 PM
P540_1000,PT-TIRUPUR,Tirupur,641603,"S.F No. 339/2, T.S No 4,
Asher Nagar, Near SAP Theater
Avinashi Road, 
Tirupur, Tamil N?du.
",11.129101,77.327782,9585969540,919585969540,9003533972,11:00 AM,9:30 PM
P547_1000,PT- Airport road Bhuj,Bhuj,370001,"Pramukh Square Commercial Building no.1, GF,FF,SF airport port Road Bhuj",23.23609,69.645248,8657996875,918657996875,9999465388,11:00:AM,9:30 PM
P173_1000,PT - INDIABULLS - JODHPUR,Jodhpur,342005,"LGF/UGF Indiabulls Mega Mall Plot no.1, Vijay Raja Nagar, Pali road, Circle, near Jhalamand, opp. Zoological Survey of India, Jodhpur, Rajasthan ",26.219511,73.041512,7669341492,917669341492,8559913366,11:00 AM,9:30 PM
P619_1000,PT-Dwarka Soul city ,New Delhi,110075,"Pantaloons Delhi Dwarka Soul City Store ! Store Code : P619, Sec-13 Dwarka New Delhi ",28.596502,77.036514,7669008454,917669008454,7838917164,11:00 AM,9:30PM
P620_1000,PT- Meerut Gadh Road,Meerut,250002,"Shikhar Tower, mangal pandey nagar, Garh road, Near bhagya shree hospital, Meerut",28.969999,77.739998,8445276545,918445276545,9821379001,11:00 AM,9:30 PM
P509_1000,PT - CHANDRAPUR,Nagpur,442401,"Pantaloons, near Koyala Restuarant, wadgaon fata, civil line Nagpur Road-Chandrapur
",19.979136,79.280022,8657876476,918390129749,8390129749,11:00 AM,9:30 PM
P480_1000,PT-Dharampeth -Nagpur,Nagpur,440001,"Dharampeth Pantaloons , Classic Building , Plot Bearing N0-39(Khasra No-31) , On Law College Square, West High Court Main Road , Dharam peth , Nagpur-440001, Maharashtra

",21.145826,79.061646,9545596999,918657898525,9545596999,11:00 AM,9:30PM
P502_1000,PT - MALKAJGIRI - HYDERABAD,Hyderabad,500047,"Pantaloons, Grond & First Floor ,Survey no 228,old 44,44/1 and 44/2,hyderbad medchal,malkajgiri
",17.459551,78.536697,9916238843,919916238843,9133985777,11:00 AM,9:30 PM
P604_1000,PT-silver jubilee South Civil line Jabalpur,Jabalpur,482001,Pantaloons silver jubilee South Civil line Jabalpur near 2nd Railway bridge Aseem commercial Plaza Jabalpur,23.161348,79.94841,8657873717,918657873717,8657927582,10:30 AM,9:30 PM
P615_1000,PT - SALEM,Salem,636004,"5 Roads, Junction Main Road, Adjacent to Ideal Garden Complex, Opp to Reliance Mall, Salem-636004",0,0,9087771615,919087771615,9791410005,10:30 AM,9:30 PM
P539_1000,PT - NEELADRI ROAD - BENGALURU,Bengaluru,650100,"GF & FF, sy.NO 153/1, Doddathogur, begur hobli, Electronic city phase 1-650100",12.8434,77.644402,9739800078,919739800078,8105927071,10:30 AM,10:00 PM
P538_1000,"Ambika Tower, Dankuni",Hoogly,712311,"AMBIKA TOWER. 495 & 499,T N MUKHERJEE ROAD, 
DANKUNI DISTRICT HOOGHLY",22.682415,88.281227,9731726563,,9830926757,11:00 AM,9:30 PM
P506_1000,PT - SAMASTIPUR,Samastipur,848101,"ABFRL(PANTALOONS) COMMERCIAL PLOT BEARING KHATA 88, NEAR NAKKU STHAN, MOHANPUR ROAD, SAMASTIPUR, BIHAR-848101
",25.849602,85.773384,917044433850,,9973190021,10:30 AM,9:00 PM
P550_1000,PT - BARDHAMAN ROAD - SILIGURI,Siliguri,734005,"PT-BURDWAN ROAD -SILIGURI,Pantaloons,GF,FF&SF,Dwarika Eligance,Shop no. 1,2,3,4 ,Plot bearing No 2143,2158,2159,2160 siliguri,Westbengal
",26.703667,88.415092,919147318723,9147318723,8108767349,11.00 AM,9.30 PM
P528_1000,PT-North Lakimpur,Lakhimpur,442401,"Lakhimpur,Hotel Living Hub Complex,D. K. Road, North Lakhimpur Assam- 787001
",27.235783,94.106064,917044433851,,7699103825,10:00 AM,09.00 PM
P517_1000,PT SAHITYA ICON NARODA ,Ahmedabad,382330,"Pantaloons, GF & FF, SAHITYA ICON
SHOP BEARING NO.27 TO 39 & 122 TO 141
ON NR. CAPITAL CORPORATE , House No  HARIDARSHA
COMMERCIAL PLOT BEARING NO.446
Postal Code/City  382330 AHMEDABAAD
Gujarat
",23.07543,72.665489,918657927619,8657927619,7065142277,11:00 AM,10:30 PM
P485_1000,PT-DACCAPATTY-NAGAON,Nagaon,782001,"GF+FF+SF
",0,0,919147328623,9147328623,9040362422,11:00 AM,9:30 PM
P503_1000,PT-MALVIYA NAGAR-JAIPUR,Jaipur,302017,"GF,FF & SF  V PARK , Plot no- 88,89,101 & 102 Kalyan Colony, Opp. Gaurav Tower, Malviya Nagar, JLN Marg, Jaipur ,RAJASTHAN  302017.
",0,0,918588002935,8588002935,8003293016,11:00 AM,9:30 PM
P628_1000,PT-BESTECH SQUARE MALL-MOHALI,Mohali,160055,"Pantaloons BESTECH SQUARE MALL Unit no  GF-09 and FF-15 , on Plot no-1, Industrial Focal Point, S.A.S Nagar, Phase IX ,Mohali , Punjab, PIN 160055
",30.683683,76.735649,1725094218,911725094218,7388885568,11:00 AM,9:30 PM
P497_1000,PT-ASHOKA GOLDEN MALL-HYDERABAD,Hyderabad,500072,"Pantaloons, UGF, FF& Ashoka golden mall house no 5-7-72 moosapet village kukatpally, Hyderabad, Telangana, 500072
",17.479052,78.417603,9052914383,919052914383,9052914383,11:00 AM,9:30 PM
P468_1000,PT IMPHAL THANGAL BAZAR,Imphal,795001,"Pantaloons, GF, FF & SF, Plot bearing No. 368, C.S. Dag No. XVI/309,Thangal Bazaar, Imphal, Manipur",24.809208,93.935326,9147328624,9147328624,7002344418,07:30AM ,6:30 PM
P453_1000,PT-SAVITRI MALL-KANKARBAGH,Patna,800020,"GF, FF & SF, SAVITRI MALL. Plot No. 510, 511, 512, 513, Khata no 104.42, 06 (ward no. 35), Kankarbagh Main Road, Patna, Bihar- 800020",25.603271,85.152657,916292302890,,8434583461,11:00 AM,9:30 PM
P508_1000,PT-SHAKTI ETC SHOPING MALL,Ahmedabad,382481,"Pantaloons, GF & FF, SHAKTI ETC, VANDE MATARAM MAIN ROAD ,GOTA, AHMEDABAD MAIN ROAD, Gujarat.",23.09226,72.545731,918657790788,918657790788,9904334222,11:00 AM,9:30 PM
P617_1000,PT-ORBIT TOWER-BRAHMAPUR,BRAHMAPUR,760005,"Pantaloons,Orbit Tower,Komapally Main Road,Baidyanathpur,Brahmapur-760005,ODISHA",19.304949,84.80378,919147328625,9147328625,9778623135,11:00 AM,09:30PM
P553_1000,PMC Citadel Indore   ,Indore,452016,"FG&UGF, G-51,UGF-54,Phoenix Marketcity Survey No.248/1/1,Village Khajrana, Indore Next To Mumbai -Agr ",22.719568,75.857727,9644010188,,9644010188,11:00 AM,10:00 PM
P609_1000," PT Palladium Mall, Ahmedabad",Ahmedabad,380054,"Pantaloons, SF ,S-45, Final Plot No (1+2)/1, revenue Village Thaltej,Taluka Ghatiadia, SG Highway,  Town Planning Scheme No 1 , Ahmedabad, Gujarat",23.058559,72.520691,918657790793,8657790793,9974597646,11:00 AM,9:30 PM
P535_1000,PT-One place FC Road Pune,Pune,411005,"One place, Fergusson College RD, Sud Nagar, Shivaji Nagar, Pune",18.529743,73.843636,8657864767,918657864767,7774096162,10:30 AM,9:30 PM
P556_1000,PT-Apple Plaza Park,Bharuch,393001,"Apple Plaza Park , Shree Rameswar Mandir Rd, near Kapodra , Patiya , GIDC , Gujarat ",21.626425,73.015198,9924362143,919924362143,9924362143,11:00 AM,9:30 PM
P605_1000,PT-The Plutus Sargasan ,Gandhidham,382421,"The Plutus Business Park Sargasan, Gandhinagar.",23.184799,72.622002,918657864366,8657864366,9898209927,11:00 AM,9:30 PM
P672_1000,PT-Emaya Mall- Paschim Puri,New Delhi,110063," Pantaloons, GF & FF, EMAYA MALL , Plot no. 1, Between Block BG-1 and BG-2, Paschim Puri
",28.668055,77.111191,1141548114,7835042492,7835042492,11:00 AM,9:30 PM
P600_1000,PT-JMD Empire Square,Gurgaon,122002,"Pantaloons, Shop No 16 to 24, Atrium and Ground Floor, JMD Empire Square, M.G. Road, Gurugram,Haryana 
",28.454,76.992699,7669677011,7669677011,9560697553,11:00 AM,9:30 PM
P673_1000,PT- THE GRAND VENICE MALL,Gurgaon,201308,"Pantaloons, Unit No.G-36A, Ground Floor,The Grand Venice Mall, Kasna Industrial Area, Plot no.SH3, Industrial area site-4,Greater Noida, District-Gautam Budh Nagar Greater Noida -201308

",28.453657,28.453657,7669677005,7669677005,8860634034,11:00 AM,9:30 PM
PT601_1000,PT-YUVRAJ PALACE LAKHIMPUR,Lakhimpur,262701," Pantaloons, UGF,FF and SF, Yuvraj Market, Plot no-1,Khata no-1902, Block-1 , Situated in Mouza-Rajapur, Unit Nagar Palika, Lakhimpur Kheri Municipality, Ward no-21, Police Station-Sadar Kotwali, District-Lakhimpur Kheri, Uttar Pradesh

",27.933599,80.7892,8377091842,918542975883,8181048834,11:00 AM,9:30 PM
P631_1000,PT- VILLAGE- KANTHINAHIYA,Deoria,274001,"Pantaloons , Village- kanthinahiya , Near kamana marriege lawn , in front of Jail Police chauki, Gorakhpur Road

",26.481899,83.780403,9569848610,919569848610,9569848610,11:00 AM,9:30 PM
P551_1000,PT-YADAV BHAWAN REWARI,Rewari,123401,"YADAV COMERCIAL COMPLEX' near KLP college delhi-rewari road rewari
",28.1996,76.6315,9355968351,919355968351,9582469902,11:00 AM,9:30 PM
P655_1000,PT-Sardarpura-Jodhpur,Jodhpur,342003,"Pantaloons, GF,FF & SF, 632-A, Residency Road, Sardarpura Main Road, Jodhpur, Rajasthan
",26.27,73,8750079696,917597203470,8750079696,11:00 AM,9:30 PM
